assembly_accession	marker	protein_accession	mapping	candidate_count	sequence_sha256	original_header
GCF_903886475.1	5-FTHF_cyc-lig	WP_011226605.1	unique_exact_sequence	1	abbedc8e3b15c7674dd152f010035cfcdba2b8011a5ce89656f87b163fb5eaf1	WP_011226605.1 MULTISPECIES: 5-formyltetrahydrofolate cyclo-ligase [Streptococcus]
GCF_002970915.1	5-FTHF_cyc-lig	WP_234002748.1	unique_exact_sequence	1	727fcfa8ca12513e5a33700b6ceac58b982666123b36b52ab612d884e4598414	WP_234002748.1 5-formyltetrahydrofolate cyclo-ligase [Lactiplantibacillus koreensis]
GCF_000468955.1	5-FTHF_cyc-lig	WP_021036584.1	unique_exact_sequence	1	95a5ae328a977cd9f5f538642fe7d25799c24afaa65c59176f9f0607239f3e15	WP_021036584.1 5-formyltetrahydrofolate cyclo-ligase [Lactococcus cremoris]
GCF_903886475.1	ADK	WP_002952136.1	unique_exact_sequence	1	78e656b8a2365579808ffbc418689c3ede7d75dc702c331e20d954acd6cd2a51	WP_002952136.1 MULTISPECIES: adenylate kinase [Streptococcus]
GCF_002970915.1	ADK	WP_304598425.1	unique_exact_sequence	1	c25f2d6f7584e7dcd2531da4637b5fb3e4c511ed2e2d095a9c6fc7aafd4d5a56	WP_304598425.1 adenylate kinase [Lactiplantibacillus koreensis]
GCF_000468955.1	ADK	WP_011677149.1	unique_exact_sequence	1	e314071a0e9cab1117345b9d1bad825fee48616983bfb166c792818277c143b2	WP_011677149.1 MULTISPECIES: adenylate kinase [Lactococcus]
GCF_903886475.1	AICARFT_IMPCHas	WP_002949016.1	unique_exact_sequence	1	e3ab256be632f16fc52f1654344afd0d27d7c74000b271c3b09220573a309ddf	WP_002949016.1 bifunctional phosphoribosylaminoimidazolecarboxamide formyltransferase/IMP cyclohydrolase [Streptococcus thermophilus]
GCF_002970915.1	AICARFT_IMPCHas	WP_105451459.1	unique_exact_sequence	1	c08383cf2c93b8f9f7bc39ac7ac6671c91570312b5c9a23c74d81a8d0729b998	WP_105451459.1 bifunctional phosphoribosylaminoimidazolecarboxamide formyltransferase/IMP cyclohydrolase [Lactiplantibacillus koreensis]
GCF_000468955.1	AICARFT_IMPCHas	WP_021037494.1	unique_exact_sequence	1	180be243adc982ffdbc7cae401afc0a3c97c6af888ef13719973de48e1f15a0f	WP_021037494.1 bifunctional phosphoribosylaminoimidazolecarboxamide formyltransferase/IMP cyclohydrolase [Lactococcus cremoris]
GCF_903886475.1	ATP-synt_A	WP_011225593.1	unique_exact_sequence	1	3672946ce7253aaffc302ff0a1981e0ce2b02c8f110b17011839eb08734697b5	WP_011225593.1 F0F1 ATP synthase subunit A [Streptococcus thermophilus]
GCF_002970915.1	ATP-synt_A	WP_105451298.1	unique_exact_sequence	1	edd981f52a24c49dba3d156f5d62775dae7ede4f73c4457e54fb09b38908a74e	WP_105451298.1 F0F1 ATP synthase subunit A [Lactiplantibacillus koreensis]
GCF_000468955.1	ATP-synt_A	WP_004255255.1	unique_exact_sequence	1	c57b350628f1c35de173931d3e0c05b4e6dda8853c93ce2dd01a083937dd12c6	WP_004255255.1 MULTISPECIES: F0F1 ATP synthase subunit A [Lactococcus]
GCF_903886475.1	ATP-synt_B	WP_011225594.1	unique_exact_sequence	1	2cfc9eb9b4295b34bb304c77cbd758b719c9d97daa8a2eab7c0c34a1cd80f028	WP_011225594.1 F0F1 ATP synthase subunit B [Streptococcus thermophilus]
GCF_002970915.1	ATP-synt_B	WP_105451297.1	unique_exact_sequence	1	93275da3fb0f9e9c7f7d4178d81826fed525f88988345881b7466d32fd9dc65c	WP_105451297.1 F0F1 ATP synthase subunit B [Lactiplantibacillus koreensis]
GCF_000468955.1	ATP-synt_B	WP_010906128.1	unique_exact_sequence	1	7d1a9deb00d16144e9ea5fa90fa4490daa6b740621f909d32ce5f649d67adb59	WP_010906128.1 MULTISPECIES: F0F1 ATP synthase subunit B [Lactococcus]
GCF_903886475.1	ATP-synt_DE_N	WP_011226938.1	unique_exact_sequence	1	8996e2624b2fc2dfa1258f3a953f8e7152936370b16934f2d7cc42aa32a23351	WP_011226938.1 F0F1 ATP synthase subunit epsilon [Streptococcus thermophilus]
GCF_002970915.1	ATP-synt_DE_N	WP_105448800.1	unique_exact_sequence	1	e6ee88df533a479324ef2b4d3613ec7412542e7bfe569a0cb6c800af203632d4	WP_105448800.1 MULTISPECIES: F0F1 ATP synthase subunit epsilon [Lactiplantibacillus]
GCF_000468955.1	ATP-synt_DE_N	WP_011676764.1	unique_exact_sequence	1	87819934c577cc006c77b92d823130db070a5b5a4e3d96f714c5f9de983db83e	WP_011676764.1 MULTISPECIES: F0F1 ATP synthase subunit epsilon [Lactococcus]
GCF_903886475.1	ATP-synt	WP_002949964.1	unique_exact_sequence	1	b0aa111d7ddec2b31b992578c78d4a7732324c3ee70170c38b32cca6705dc964	WP_002949964.1 MULTISPECIES: F0F1 ATP synthase subunit gamma [Streptococcus]
GCF_002970915.1	ATP-synt	WP_105451295.1	unique_exact_sequence	1	92541425d77ec12c056e2d681e2ff97ae431eb1dc54cacf611d38af8795376a7	WP_105451295.1 F0F1 ATP synthase subunit gamma [Lactiplantibacillus koreensis]
GCF_000468955.1	ATP-synt	WP_011676766.1	unique_exact_sequence	1	937087a1175d7bb2ac243b301cabec35b6ccb553c1ba940c9fb3615ee2e26b6b	WP_011676766.1 MULTISPECIES: F0F1 ATP synthase subunit gamma [Lactococcus]
GCF_903886475.1	ATP_bind_2	WP_011225838.1	unique_exact_sequence	1	b28739dcb0dc37b3b42992712e8cad20f0dab7322bbc401cae1ccb6eabbf2617	WP_011225838.1 MULTISPECIES: RNase adapter RapZ [Lactobacillales]
GCF_002970915.1	ATP_bind_2	WP_105452382.1	unique_exact_sequence	1	43035548fd38300909aa0c0f74a13fae901375c99545d1ce6e4fdb26a2ca4a02	WP_105452382.1 RNase adapter RapZ [Lactiplantibacillus koreensis]
GCF_000468955.1	ATP_bind_2	WP_011675972.1	unique_exact_sequence	1	ff71e64caa17062d0693c121cd23f9c20725c377269cc87a111339bf4aabee16	WP_011675972.1 MULTISPECIES: RNase adapter RapZ [Lactococcus]
GCF_903886475.1	Adenylsucc_synt	WP_002948622.1	unique_exact_sequence	1	2924111eadc68b9eb44fb7b4885dc3207126e4eea37991d65ec09f9956a30504	WP_002948622.1 adenylosuccinate synthase [Streptococcus thermophilus]
GCF_002970915.1	Adenylsucc_synt	WP_105451764.1	unique_exact_sequence	1	ec878c6370778051f2a0961fe1b8882ddcd79d404a59511a38fe12cd5f6e25fe	WP_105451764.1 adenylosuccinate synthase [Lactiplantibacillus koreensis]
GCF_000468955.1	Adenylsucc_synt	WP_011677000.1	unique_exact_sequence	1	74ca6cd04e938b6ef41456b920494c48fecd2f50d85d57ce392dd754b8c45f90	WP_011677000.1 adenylosuccinate synthase [Lactococcus cremoris]
GCF_903886475.1	CTP_transf_1	WP_002949317.1	unique_exact_sequence	1	e1cf44cef67bf75481424dc5f7f9fb2af5e867f108666dc2586751e92b2fdede	WP_002949317.1 phosphatidate cytidylyltransferase [Streptococcus thermophilus]
GCF_002970915.1	CTP_transf_1	WP_105450984.1	unique_exact_sequence	1	99c242c2fd757b9591149ae1492c2b108a057408e7b20a973d6e69e8b941056f	WP_105450984.1 phosphatidate cytidylyltransferase [Lactiplantibacillus koreensis]
GCF_000468955.1	CTP_transf_1	WP_011677190.1	unique_exact_sequence	1	ded65554e6fda3bfde775f4a797981ecdfd0e8d616fec9dd57c91a2b11c89b7c	WP_011677190.1 MULTISPECIES: phosphatidate cytidylyltransferase [Lactococcus]
GCF_903886475.1	Cpn10	WP_002949332.1	unique_exact_sequence	1	3e56a1d08bee4fa68eeef49bcbb14824d6de8360324f1b4cb783f3af568b95e3	WP_002949332.1 co-chaperone GroES [Streptococcus thermophilus]
GCF_002970915.1	Cpn10	WP_105452345.1	unique_exact_sequence	1	2abf2e4a33f80951a03ce9ab95b50098f4a7f7fdb4dd5d8b521f545aa176599c	WP_105452345.1 co-chaperone GroES [Lactiplantibacillus koreensis]
GCF_000468955.1	Cpn10	WP_011834459.1	unique_exact_sequence	1	5feb079a28d5d66d80224a8542707482933dd22a10e3d84cbfaf3a4e7e6bcd5e	WP_011834459.1 MULTISPECIES: co-chaperone GroES [Lactococcus]
GCF_903886475.1	Cpn60_TCP1	WP_011225399.1	unique_exact_sequence	1	ab73505b724fe83cec1ff9f8863363b70875bf59a33fd9da3e9f12eec90fdd7f	WP_011225399.1 MULTISPECIES: chaperonin GroEL [Streptococcus]
GCF_002970915.1	Cpn60_TCP1	WP_105452346.1	unique_exact_sequence	1	0ccaf2d036136e38f26081515a085127b1e569ff29f6f5e185c296f0abc64885	WP_105452346.1 chaperonin GroEL [Lactiplantibacillus koreensis]
GCF_000468955.1	Cpn60_TCP1	WP_011675465.1	unique_exact_sequence	1	65d58eff88f060af0286e6393ab3147dba3ba04ca6423ed991540e3ebde9288c	WP_011675465.1 chaperonin GroEL [Lactococcus cremoris]
GCF_903886475.1	Cytidylate_kin2	WP_002950906.1	unique_exact_sequence	1	bc32cf4d08176abcd832fa5bd9995cc4cc0bbb3f3c0a750d7cea3f525a12dff0	WP_002950906.1 (d)CMP kinase [Streptococcus thermophilus]
GCF_002970915.1	Cytidylate_kin2	WP_105450861.1	unique_exact_sequence	1	7194de67f0c0409ce9aa67a57000c9dc0e46a9448ae8dd0bf66f3ee17f733c7d	WP_105450861.1 (d)CMP kinase [Lactobacillus sp. CBA3605]
GCF_000468955.1	Cytidylate_kin2	WP_021037641.1	unique_exact_sequence	1	6e567da406b607bce6bc699bdce21d9e08e50851d606b892db35128729493595	WP_021037641.1 (d)CMP kinase [Lactococcus cremoris]
GCF_903886475.1	DAGK_prokar	WP_011225697.1	unique_exact_sequence	1	7239d65a1366bb89d52b560c42ee4568659fcb3c57d4bac85bbb6038dba86270	WP_011225697.1 diacylglycerol kinase family protein [Streptococcus thermophilus]
GCF_002970915.1	DAGK_prokar	WP_105452817.1	unique_exact_sequence	1	864804c7d5eecb206c38adcec5c985686a8e019fc1608b624f3155e47fc53842	WP_105452817.1 diacylglycerol kinase family protein [Lactobacillus sp. CBA3605]
GCF_000468955.1	DAGK_prokar	WP_011676094.1	unique_exact_sequence	1	f7727d8daf829c164122a0a5b9abdd1733c30fcca11f05eec7f297e192dfd1ef	WP_011676094.1 MULTISPECIES: diacylglycerol kinase family protein [Lactococcus]
GCF_903886475.1	DHOase	WP_011226005.1	unique_exact_sequence	1	fd7f297f53890622c300d42cb3a8814de1e60c57eb26e12bc95a572053283b3e	WP_011226005.1 dihydroorotase [Streptococcus thermophilus]
GCF_002970915.1	DHOase	WP_105451452.1	unique_exact_sequence	1	82e1f237f73fd998b3c04570cde1de07d61cda3b0445feebd8d446ea78789a5f	WP_105451452.1 dihydroorotase [Lactobacillus sp. CBA3605]
GCF_000468955.1	DHOase	WP_021037131.1	unique_exact_sequence	1	766ff546de22cd6cf2618500931b78c2c5a1b8561e1ec9061b04decac0141c45	WP_021037131.1 dihydroorotase [Lactococcus cremoris]
GCF_903886475.1	DNA_pol3_delta	WP_002946639.1	unique_exact_sequence	1	829cf69946a35613b4f81fc87c9a8c86668dd9b31b8610c4ef392896de894681	WP_002946639.1 DNA polymerase III subunit delta [Streptococcus thermophilus]
GCF_002970915.1	DNA_pol3_delta	WP_105451107.1	unique_exact_sequence	1	a1ed31a5601bacf4bad57215512511d5983ca304db1654c2226d466a93def76f	WP_105451107.1 DNA polymerase III subunit delta [Lactiplantibacillus koreensis]
GCF_000468955.1	DNA_pol3_delta	WP_021037601.1	unique_exact_sequence	1	3498a5c30d4e2df2ecdb098af8ca0cc9e8272e1eb4a3afc3f03b0cf118e85e69	WP_021037601.1 DNA polymerase III subunit delta [Lactococcus cremoris]
GCF_903886475.1	DNA_processg_A	WP_011225887.1	unique_exact_sequence	1	be041f263724e4f6d38441b740219d479e887c47c4dd44f7695dced5613057bd	WP_011225887.1 DNA-processing protein DprA [Streptococcus thermophilus]
GCF_002970915.1	DNA_processg_A	WP_105450829.1	unique_exact_sequence	1	6c9503dc2d656c4a2a21c66fe56a65a177d533d9e1ef9dbc95f2f3613fadab61	WP_105450829.1 DNA-processing protein DprA [Lactiplantibacillus koreensis]
GCF_000468955.1	DNA_processg_A	WP_021037268.1	unique_exact_sequence	1	095b3718329476b72da3cc887487572522c25b1bd3d5fc2c3feed41c580870ce	WP_021037268.1 DNA-processing protein DprA [Lactococcus cremoris]
GCF_903886475.1	DUF1934	WP_002953113.1	unique_exact_sequence	1	6a0fd671178ea433637c3fac6e54e22447fd1474990c1dfadd36c65cf41cbc02	WP_002953113.1 MULTISPECIES: DUF1934 domain-containing protein [Streptococcus]
GCF_002970915.1	DUF1934	WP_105452250.1	unique_exact_sequence	1	cf5fcade2c5bdf8c85d41ff216c63abb5607d74c698847190c34323605e9f2e7	WP_105452250.1 YwiB family protein [Lactobacillus sp. CBA3605]
GCF_000468955.1	DUF1934	WP_011835340.1	unique_exact_sequence	1	bc69a7cb957672fed81805b709efd6f6b6659aad7beb312496d32d9bbe9fd7e3	WP_011835340.1 MULTISPECIES: YwiB family protein [Lactococcus]
GCF_903886475.1	DUF448	WP_002947461.1	unique_exact_sequence	1	14d2134f0957f1fa6350df6453b8c5b342c293d67ad4e2efa0413a30f49e35a8	WP_002947461.1 MULTISPECIES: RNase P modulator RnpM [Streptococcus]
GCF_002970915.1	DUF448	WP_105450972.1	unique_exact_sequence	1	31bc7e5371d245535ee56937c3b5687eafe3b6ee53108adc176de5e7eab80004	WP_105450972.1 RNase P modulator RnpM [Lactiplantibacillus koreensis]
GCF_000468955.1	DUF448	WP_011675735.1	unique_exact_sequence	1	adcb469e0c61404fb2a1b7b7987a5684d9abf2000154ce24de28a5b8b7ab6d78	WP_011675735.1 MULTISPECIES: RNase P modulator RnpM [Lactococcus]
GCF_903886475.1	DUF951	WP_002886272.1	unique_exact_sequence	1	b2446e1b2ddfc6db7fb959e30b8d2c0780a4c0a66a97838b504be06bed288373	WP_002886272.1 MULTISPECIES: DUF951 domain-containing protein [Streptococcus]
GCF_002970915.1	DUF951	WP_105449229.1	unique_exact_sequence	1	674a30d04ee9265eeedf09ada200b331d6165155e8bb2e66c847afb40faa9922	WP_105449229.1 MULTISPECIES: DUF951 domain-containing protein [Lactiplantibacillus]
GCF_000468955.1	DUF951	WP_021036496.1	unique_exact_sequence	1	2a2a89b4aab56060eaf0d68d7a6b22fb23343826529ca75f03c1937a2880f58c	WP_021036496.1 DUF951 domain-containing protein [Lactococcus cremoris]
GCF_903886475.1	DnaJ_C	WP_002946937.1	unique_exact_sequence	1	8e53ca1a238ca726fca77ee025c66e348de8d5f5487b1dc93c469715a14182f5	WP_002946937.1 molecular chaperone DnaJ [Streptococcus thermophilus]
GCF_002970915.1	DnaJ_C	WP_105448532.1	unique_exact_sequence	1	874b689c0fc2eb2457a69ab7ce960dc2500b9fa56d41869ad7cee93ac28d0815	WP_105448532.1 MULTISPECIES: molecular chaperone DnaJ [Lactiplantibacillus]
GCF_000468955.1	DnaJ_C	WP_011836127.1	unique_exact_sequence	1	d810baef4f9ef2898c9ae28a0ab7d15a2a701f04a3cf60e146775eac4bb6c4e2	WP_011836127.1 molecular chaperone DnaJ [Lactococcus cremoris]
GCF_903886475.1	EF_TS	WP_002949105.1	unique_exact_sequence	1	0fcaa3f7b16b23b6bcddb5b739882bc088cc1a95341cece0eea9699bdf5a8fe1	WP_002949105.1 MULTISPECIES: translation elongation factor Ts [Streptococcus]
GCF_002970915.1	EF_TS	WP_105448551.1	unique_exact_sequence	1	0bea2c37da1c78024d561ce729737676da9aff3facc50c920dc15a29c8767344	WP_105448551.1 MULTISPECIES: translation elongation factor Ts [Lactiplantibacillus]
GCF_000468955.1	EF_TS	WP_011677206.1	unique_exact_sequence	1	f44af382edf1d8aa2c652fdfe5ee01f9c8771356e7df67f7fc7153516a1d418f	WP_011677206.1 translation elongation factor Ts [Lactococcus cremoris]
GCF_903886475.1	Exonuc_VII_L	WP_011226129.1	unique_exact_sequence	1	d8303936c6ee16d3320f819f657167f7d4f96579c2852a7a81f3746392932280	WP_011226129.1 MULTISPECIES: exodeoxyribonuclease VII large subunit [Streptococcus]
GCF_002970915.1	Exonuc_VII_L	WP_105450564.1	unique_exact_sequence	1	fec57e55ec666e1dd4e095be6f80b0f52b10f4e51fe338e76bff2476c69f1ebb	WP_105450564.1 exodeoxyribonuclease VII large subunit [Lactiplantibacillus koreensis]
GCF_000468955.1	Exonuc_VII_L	WP_021037000.1	unique_exact_sequence	1	9e5b40a0fc702bcc3c43a4361bbf6ce628b36c80cfb06ab349987d399b98b9f9	WP_021037000.1 exodeoxyribonuclease VII large subunit [Lactococcus cremoris]
GCF_903886475.1	Exonuc_VII_S	WP_002951008.1	unique_exact_sequence	1	ffa05f73d0cd63044fae4c245ee3a727d94d64e2fb59ae64b0a82a7946fabae6	WP_002951008.1 MULTISPECIES: exodeoxyribonuclease VII small subunit [Streptococcus]
GCF_002970915.1	Exonuc_VII_S	WP_105450566.1	unique_exact_sequence	1	2ff25e5863588d8e2ce89886c90e4ef9c63aaa5fb422e584237270c135a57387	WP_105450566.1 exodeoxyribonuclease VII small subunit [Lactiplantibacillus koreensis]
GCF_000468955.1	Exonuc_VII_S	WP_011835497.1	unique_exact_sequence	1	3e3d3989d402f0b9072c3b160d2fcec8ee9fe20c0b3c1acc32df28fefadc75a5	WP_011835497.1 MULTISPECIES: exodeoxyribonuclease VII small subunit [Lactococcus]
GCF_903886475.1	FA_synthesis	WP_011225258.1	unique_exact_sequence	1	72f729c853b3eec371048ad14962381cd15448ea27a4b5f049d6ea8117fbe5e5	WP_011225258.1 phosphate acyltransferase PlsX [Streptococcus thermophilus]
GCF_002970915.1	FA_synthesis	WP_105450613.1	unique_exact_sequence	1	2803ec899db5b9b6cf64d34f343da77d4a490b1423f53f48974a562de02ba16d	WP_105450613.1 phosphate acyltransferase PlsX [Lactiplantibacillus koreensis]
GCF_000468955.1	FA_synthesis	WP_011834186.1	unique_exact_sequence	1	f3e17f5817ab4754cf8396715b7788474652141d5c4a46bb67cbcdf36b9454c7	WP_011834186.1 phosphate acyltransferase PlsX [Lactococcus cremoris]
GCF_903886475.1	FbpA	WP_002948383.1	unique_exact_sequence	1	f2a0c0eae21a1fc687b2376ec3fee9051e634275c3e589e4135d4d515a9fb6b3	WP_002948383.1 Rqc2 family fibronectin-binding protein [Streptococcus thermophilus]
GCF_000468955.1	FbpA	WP_021037368.1	unique_exact_sequence	1	5acb9458e31e8a84dfd649dc14e7564c318157c2b31180656e635326869fa44c	WP_021037368.1 Rqc2 family fibronectin-binding protein [Lactococcus cremoris]
GCF_903886475.1	GatB_N	WP_002946582.1	unique_exact_sequence	1	70cd19c1a6b99908111b7686ab36930019007054aeaeb5946ac911f90636f03d	WP_002946582.1 Asp-tRNA(Asn)/Glu-tRNA(Gln) amidotransferase subunit GatB [Streptococcus thermophilus]
GCF_002970915.1	GatB_N	WP_105452567.1	unique_exact_sequence	1	cf4b36ea816b9b425d42f132abdd38b4f6def7d37815c26333ceb5e695012b1a	WP_105452567.1 Asp-tRNA(Asn)/Glu-tRNA(Gln) amidotransferase subunit GatB [Lactobacillus sp. CBA3605]
GCF_000468955.1	GatB_N	WP_021036582.1	unique_exact_sequence	1	6ad725f01ad32c709af49ed961645ba7a1ce03bad392c1e328eb4e68d5b8d511	WP_021036582.1 Asp-tRNA(Asn)/Glu-tRNA(Gln) amidotransferase subunit GatB [Lactococcus cremoris]
GCF_903886475.1	Glu-tRNAGln	WP_002884769.1	unique_exact_sequence	1	12f94c8641b50c67e25a78c002f2b93585e177a53f5f2beb5bce75f6769d7391	WP_002884769.1 MULTISPECIES: Asp-tRNA(Asn)/Glu-tRNA(Gln) amidotransferase subunit GatC [Bacillota]
GCF_002970915.1	Glu-tRNAGln	WP_105452565.1	unique_exact_sequence	1	56f60fe65f54fe69d063c61411f56cfff068a7cd567cfe793a947cc39410c76b	WP_105452565.1 Asp-tRNA(Asn)/Glu-tRNA(Gln) amidotransferase subunit GatC [Lactiplantibacillus koreensis]
GCF_000468955.1	Glu-tRNAGln	WP_011675221.1	unique_exact_sequence	1	c7139469df50e7fb7abcfd2fd0235fc8c32e2e2eb2e971f07645a036bcbb3fd6	WP_011675221.1 MULTISPECIES: Asp-tRNA(Asn)/Glu-tRNA(Gln) amidotransferase subunit GatC [Lactococcus]
GCF_903886475.1	GrpE	WP_041828100.1	unique_exact_sequence	1	8047ba689940f52d2405bca49202280eef6005d839e29fb6eaa2339570644a06	WP_041828100.1 nucleotide exchange factor GrpE [Streptococcus thermophilus]
GCF_002970915.1	GrpE	WP_370447206.1	unique_exact_sequence	1	132c94098ca27d47efb0f51a4dbaffd0d31a1f5763458fe9541e14cac8bf9589	WP_370447206.1 nucleotide exchange factor GrpE [Lactiplantibacillus koreensis]
GCF_000468955.1	GrpE	WP_011835409.1	unique_exact_sequence	1	407e5906611895656648d3ecd015ab5aa03e74f7b284feeb2805c030bb9ee327	WP_011835409.1 MULTISPECIES: nucleotide exchange factor GrpE [Lactococcus]
GCF_903886475.1	HSP33	WP_041828113.1	unique_exact_sequence	1	be93904399bfded8c9cb7d9f71cf8a206fe06ea2560ce0e5c6e682bf691d0aeb	WP_041828113.1 Hsp33 family molecular chaperone HslO [Streptococcus thermophilus]
GCF_002970915.1	HSP33	WP_105452278.1	unique_exact_sequence	1	fcae53af518fa46b614659ed0c609353a6ecaa62bfc3e588a7c8bd43cda5d256	WP_105452278.1 Hsp33 family molecular chaperone HslO [Lactiplantibacillus koreensis]
GCF_000468955.1	HSP33	WP_021037860.1	unique_exact_sequence	1	8edbdd02b2a03de172efec3bd420bd808324e28bea76df6b864fdc074906501b	WP_021037860.1 Hsp33 family molecular chaperone HslO [Lactococcus cremoris]
GCF_903886475.1	Hpr_kinase_C	WP_011227035.1	unique_exact_sequence	1	17e41e9502dcc98a9dc82ac107bc623da62b2413875e62888381c03655b20982	WP_011227035.1 HPr(Ser) kinase/phosphatase [Streptococcus thermophilus]
GCF_002970915.1	Hpr_kinase_C	WP_105449909.1	unique_exact_sequence	1	51d0cc774afe06348051c2e1c4f28c7d3e1fde21ec5f64f63e2e2e6f83dbb5ca	WP_105449909.1 MULTISPECIES: HPr(Ser) kinase/phosphatase [Lactiplantibacillus]
GCF_000468955.1	Hpr_kinase_C	WP_011834603.1	unique_exact_sequence	1	07762446ad906e128bdd8cbcc111878bb459478b2e7a7f365f0179cf476bc92f	WP_011834603.1 MULTISPECIES: HPr(Ser) kinase/phosphatase [Lactococcus]
GCF_903886475.1	HrcA	WP_011225328.1	unique_exact_sequence	1	cc73a1ef97b0eece39f64a0ea6d1f8229733f9d0fd04f456e0c9f60fb5a0e6f9	WP_011225328.1 MULTISPECIES: heat-inducible transcriptional repressor HrcA [Streptococcus]
GCF_002970915.1	HrcA	WP_105450959.1	unique_exact_sequence	1	fcf5dbecb9f7299108e3cf2c97b547be1278134babbd19aacdc51154ff66f692	WP_105450959.1 heat-inducible transcriptional repressor HrcA [Lactiplantibacillus koreensis]
GCF_000468955.1	HrcA	WP_021037090.1	unique_exact_sequence	1	d805dd7e9d4e7229605481c4584d88a8de69f7dad35b130e7c3ded3689d6e800	WP_021037090.1 heat-inducible transcriptional repressor HrcA [Lactococcus cremoris]
GCF_903886475.1	IPPT	WP_041828380.1	unique_exact_sequence	1	429d89020e0aa961f2fc4d31d98962977645bb9f4f600b58cc95b37837364380	WP_041828380.1 tRNA (adenosine(37)-N6)-dimethylallyltransferase MiaA [Streptococcus thermophilus]
GCF_002970915.1	IPPT	WP_105452775.1	unique_exact_sequence	1	92699f7e39f11733ad1390557bef7ffbcd090572b5f380659d81578dc3de3bcc	WP_105452775.1 tRNA (adenosine(37)-N6)-dimethylallyltransferase MiaA [Lactiplantibacillus koreensis]
GCF_000468955.1	IPPT	WP_021036836.1	unique_exact_sequence	1	b8fe7df69ba0797b98b49dcb4da174f34e9161b32f66bc3469272dea64ccd3af	WP_021036836.1 tRNA (adenosine(37)-N6)-dimethylallyltransferase MiaA [Lactococcus cremoris]
GCF_903886475.1	IPT	WP_041828380.1	unique_exact_sequence	1	429d89020e0aa961f2fc4d31d98962977645bb9f4f600b58cc95b37837364380	WP_041828380.1 tRNA (adenosine(37)-N6)-dimethylallyltransferase MiaA [Streptococcus thermophilus]
GCF_002970915.1	IPT	WP_105452775.1	unique_exact_sequence	1	92699f7e39f11733ad1390557bef7ffbcd090572b5f380659d81578dc3de3bcc	WP_105452775.1 tRNA (adenosine(37)-N6)-dimethylallyltransferase MiaA [Lactiplantibacillus koreensis]
GCF_000468955.1	IPT	WP_021036836.1	unique_exact_sequence	1	b8fe7df69ba0797b98b49dcb4da174f34e9161b32f66bc3469272dea64ccd3af	WP_021036836.1 tRNA (adenosine(37)-N6)-dimethylallyltransferase MiaA [Lactococcus cremoris]
GCF_903886475.1	IreB	WP_002952186.1	unique_exact_sequence	1	deac0ccab0bc0311bbe326797a3629eac265ce13f68f4f6d5680c683dbea755a	WP_002952186.1 MULTISPECIES: IreB family regulatory phosphoprotein [Streptococcus]
GCF_002970915.1	IreB	WP_105448732.1	unique_exact_sequence	1	3fa79f14a3ff577e7c8c033c62cf14cd8fef9749d62d1b5424591d2763c5eade	WP_105448732.1 MULTISPECIES: IreB family regulatory phosphoprotein [Lactiplantibacillus]
GCF_000468955.1	IreB	WP_003131820.1	unique_exact_sequence	1	f1c14e8645f83767e0c9fffe1319a62af7f386628ff22e384707202d950c9801	WP_003131820.1 MULTISPECIES: IreB family regulatory phosphoprotein [Bacillati]
GCF_903886475.1	Methyltrans_RNA	WP_011225344.1	unique_exact_sequence	1	1c56a11a524483aba936cddf2223fb106107de36e1efa639547eb80439dd80fe	WP_011225344.1 16S rRNA (uracil(1498)-N(3))-methyltransferase [Streptococcus thermophilus]
GCF_002970915.1	Methyltrans_RNA	WP_105450936.1	unique_exact_sequence	1	e4ec536dfbe15400bc0600eaef83fc872295db093b1ba73e99e2f7c6ef85ba6c	WP_105450936.1 16S rRNA (uracil(1498)-N(3))-methyltransferase [Lactiplantibacillus koreensis]
GCF_000468955.1	Methyltrans_RNA	WP_011675154.1	unique_exact_sequence	1	b9fcaf8b0f6fe3fb3358ea49016e1cace9cdbb45bac8faabea7ad262121ccf66	WP_011675154.1 16S rRNA (uracil(1498)-N(3))-methyltransferase [Lactococcus cremoris]
GCF_903886475.1	MnmE_helical	WP_011225954.1	unique_exact_sequence	1	50e8d8c915ffd766024b9451e21071fd99253e58aa10632ef54ff2824b1eb15a	WP_011225954.1 tRNA uridine-5-carboxymethylaminomethyl(34) synthesis GTPase MnmE [Streptococcus thermophilus]
GCF_002970915.1	MnmE_helical	WP_105451962.1	unique_exact_sequence	1	1045c13e0ca3dce050e84f3482384cb9d80cc078879b1084151b0af0ec0e6343	WP_105451962.1 tRNA uridine-5-carboxymethylaminomethyl(34) synthesis GTPase MnmE [Lactiplantibacillus koreensis]
GCF_000468955.1	MnmE_helical	WP_021038022.1	unique_exact_sequence	1	1fd611fd47a799f25865ddc33d6d5114b8dcb0e110c50c3aeaaf334e4d8ba802	WP_021038022.1 tRNA uridine-5-carboxymethylaminomethyl(34) synthesis GTPase MnmE [Lactococcus cremoris]
GCF_903886475.1	MreC	WP_011225251.1	unique_exact_sequence	1	9ecfd3473312816e543587379a8feb00f5241f496dfc7d62035d0538309c3424	WP_011225251.1 rod shape-determining protein MreC [Streptococcus thermophilus]
GCF_002970915.1	MreC	WP_105451256.1	unique_exact_sequence	1	53469487af8c49cb7a56126e9cf3af6a8b50cea2ba0ca96547c505a74dd57ff2	WP_105451256.1 rod shape-determining protein MreC [Lactiplantibacillus koreensis]
GCF_000468955.1	MreC	WP_011677272.1	unique_exact_sequence	1	c9ac2e283466b41b13de8c96b19c88ddbdfe2d9b802c74a601d119a65233d40d	WP_011677272.1 MULTISPECIES: rod shape-determining protein MreC [Lactococcus]
GCF_903886475.1	NifU_N	WP_041828109.1	unique_exact_sequence	1	bbfabf9d9654fe4fb8c784cd4b480ad924da9113c0d14e305f2924de15cec4ca	WP_041828109.1 Fe-S cluster assembly sulfur transfer protein SufU [Streptococcus thermophilus]
GCF_002970915.1	NifU_N	WP_105451580.1	unique_exact_sequence	1	dc36b9f286dafb1054dc8b680b16d847cf31d61edd3209dd59136c413bdf9f78	WP_105451580.1 Fe-S cluster assembly sulfur transfer protein SufU [Lactiplantibacillus koreensis]
GCF_000468955.1	NifU_N	WP_011676796.1	unique_exact_sequence	1	4e3f0b8f10c7ce4eb5b59209d6e4deb52fa9abd954ce5f4c146dc760a6e6e961	WP_011676796.1 Fe-S cluster assembly sulfur transfer protein SufU [Lactococcus cremoris]
GCF_903886475.1	NusG	WP_002883644.1	unique_exact_sequence	1	bcfc02aa3c365c397fb6ddcf5086d8d3e522b641bf8d414abea0c2d761acb700	WP_002883644.1 MULTISPECIES: transcription termination/antitermination protein NusG [Bacillota]
GCF_002970915.1	NusG	WP_105449852.1	unique_exact_sequence	1	010e861c4e8ebca0f79bdcb7dccce3ab25e4c5f311baf3c1e6cb8b36000af808	WP_105449852.1 MULTISPECIES: transcription termination/antitermination protein NusG [Lactiplantibacillus]
GCF_000468955.1	NusG	WP_011677166.1	unique_exact_sequence	1	eced867307d60d2939ca5ab2d10e81d8135dbc272e928b4240a021bf0d921a06	WP_011677166.1 MULTISPECIES: transcription termination/antitermination protein NusG [Lactococcus]
GCF_903886475.1	OSCP	WP_011225595.1	unique_exact_sequence	1	93cee2493f6fae28163d0acd4edabda13668c10c6d51ff807703e3156f50237c	WP_011225595.1 F0F1 ATP synthase subunit delta [Streptococcus thermophilus]
GCF_002970915.1	OSCP	WP_105451296.1	unique_exact_sequence	1	409fa0a9e7b941ece1df71ab631422a5a16b485a133ce8903ccf9b233f1496b7	WP_105451296.1 ATP synthase F1 subunit delta [Lactiplantibacillus koreensis]
GCF_000468955.1	OSCP	WP_014572213.1	unique_exact_sequence	1	85417ed74313fd6537bfbc7f6c5e17f7741f8c74d1dbb916a79e3c1bba8442f1	WP_014572213.1 F0F1 ATP synthase subunit delta [Lactococcus cremoris]
GCF_903886475.1	PGI	WP_011680683.1	unique_exact_sequence	1	b4431c3579c77d95ecb56ee2e2dd39581751eb9d40647e61b8cf29560ec3f8de	WP_011680683.1 MULTISPECIES: glucose-6-phosphate isomerase [Streptococcus]
GCF_002970915.1	PGI	WP_105448828.1	unique_exact_sequence	1	1a817d235157093439dcb88bdc2430b58d2761dcb0c7916843015947e5cc300c	WP_105448828.1 MULTISPECIES: glucose-6-phosphate isomerase [Lactiplantibacillus]
GCF_000468955.1	PGI	WP_010906353.1	unique_exact_sequence	1	c3502b8a53ac9317761101c181e46fcd180305348e39dd7e5f8ea2c09b281e51	WP_010906353.1 MULTISPECIES: glucose-6-phosphate isomerase [Lactococcus]
GCF_903886475.1	PGK	WP_011226568.1	unique_exact_sequence	1	44435870f4afc3ce9c06614417e1398bf87d152e79d87e3a65b6af713e01b03f	WP_011226568.1 phosphoglycerate kinase [Streptococcus thermophilus]
GCF_002970915.1	PGK	WP_105449944.1	unique_exact_sequence	1	9b246f03bd55b145ea77fa60378e85b9ba836d85c180ea4e5ed34202705a292f	WP_105449944.1 MULTISPECIES: phosphoglycerate kinase [Lactiplantibacillus]
GCF_000468955.1	PGK	WP_011675278.1	unique_exact_sequence	1	db6ce6604eead84670debf9b13421d74bfaf8794cbb8927a2cc3fea8d739aa77	WP_011675278.1 phosphoglycerate kinase [Lactococcus cremoris]
GCF_903886475.1	Pept_tRNA_hydro	WP_002948591.1	unique_exact_sequence	1	25ad1812280487d7b132939500b58a5ec02d90bb12c5071a39821e0b55fe34b1	WP_002948591.1 MULTISPECIES: aminoacyl-tRNA hydrolase [Streptococcus]
GCF_002970915.1	Pept_tRNA_hydro	WP_105452271.1	unique_exact_sequence	1	e1fd01eb0a5a529afc87573fa09438d994f132086893678f236a1f532ce1c297	WP_105452271.1 aminoacyl-tRNA hydrolase [Lactiplantibacillus koreensis]
GCF_000468955.1	Pept_tRNA_hydro	WP_003132167.1	unique_exact_sequence	1	a389e85bbbc00b8facc2e85fb6904ca59d2ac9a7b42bc78fba71f52fa9a61ea4	WP_003132167.1 MULTISPECIES: aminoacyl-tRNA hydrolase [Lactococcus]
GCF_903886475.1	Peptidase_A8	WP_002946082.1	unique_exact_sequence	1	fc59d5dcbc0367a143abcd62d1eca6f52bacc15b2cfc3406687f7aabea82efa1	WP_002946082.1 MULTISPECIES: signal peptidase II [Streptococcus]
GCF_002970915.1	Peptidase_A8	WP_105450716.1	unique_exact_sequence	1	5845fb40e339aa9f2f925181a7e27cdcb4464c88830b6e59dd4f211596d2e450	WP_105450716.1 signal peptidase II [Lactiplantibacillus koreensis]
GCF_000468955.1	Peptidase_A8	WP_021037119.1	unique_exact_sequence	1	09a38f73a87524068cf2427e794e41c300e2ace8fc6a865ea29eb5c25d0d65f4	WP_021037119.1 MULTISPECIES: signal peptidase II [Lactococcus]
GCF_903886475.1	Prenyltransf	WP_002949314.1	unique_exact_sequence	1	4aa73492a282d21d9d0cd85270a3fecb2abb7fa2b2d868a07f4fc1f5f2391470	WP_002949314.1 MULTISPECIES: isoprenyl transferase [Streptococcus]
GCF_002970915.1	Prenyltransf	WP_105450985.1	unique_exact_sequence	1	d6cc181921173f5bab47c8b33cd093acde5c834b7ad605793d9062b77a3bc99e	WP_105450985.1 undecaprenyl pyrophosphate synthase [Lactobacillus sp. CBA3605]
GCF_000468955.1	Prenyltransf	WP_011836054.1	unique_exact_sequence	1	b2b09c0309a30effaa6ffee38ff783b195fd62ca99d19d92824b32bda88247cb	WP_011836054.1 MULTISPECIES: isoprenyl transferase [Lactococcus]
GCF_903886475.1	Queuosine_synth	WP_011226968.1	unique_exact_sequence	1	2f7bea6982bd2b8977ffe15bff2c2ae2f2ea55fe5ee1a28f1b70ed301927f3e4	WP_011226968.1 tRNA preQ1(34) S-adenosylmethionine ribosyltransferase-isomerase QueA [Streptococcus thermophilus]
GCF_002970915.1	Queuosine_synth	WP_105451237.1	unique_exact_sequence	1	08b05fe8df952ba7ed639cf505384e096bcecf7549c605728611467879a48f3a	WP_105451237.1 tRNA preQ1(34) S-adenosylmethionine ribosyltransferase-isomerase QueA [Lactiplantibacillus koreensis]
GCF_000468955.1	Queuosine_synth	WP_021037544.1	unique_exact_sequence	1	da2102058ca540f3914c21b54dde9298879072acde7daec5c0a88c55a4a16c37	WP_021037544.1 tRNA preQ1(34) S-adenosylmethionine ribosyltransferase-isomerase QueA [Lactococcus cremoris]
GCF_903886475.1	RBFA	WP_002949692.1	unique_exact_sequence	1	7d18980d6a3fafd6cf4e87e32e21cc1d8595cfaaaaf2902b5c8764ed37525207	WP_002949692.1 MULTISPECIES: 30S ribosome-binding factor RbfA [Streptococcus]
GCF_002970915.1	RBFA	WP_105448539.1	unique_exact_sequence	1	846c61c951d649de6075214ddca0214fb0b84e52879c8f518bec0c74b79482e9	WP_105448539.1 MULTISPECIES: 30S ribosome-binding factor RbfA [Lactiplantibacillus]
GCF_000468955.1	RBFA	WP_011675738.1	unique_exact_sequence	1	3e190149d1ea7ba63648c54af2f2d9cf75d8fa9897c065342d04fe0a0f75dcd7	WP_011675738.1 MULTISPECIES: 30S ribosome-binding factor RbfA [Lactococcus]
GCF_903886475.1	RNA_pol_L	WP_002952135.1	unique_exact_sequence	1	3edc59d401fd308b0b32ba66b52de0cd9a6ef91ec9f43aa53c0c2190047a8be3	WP_002952135.1 MULTISPECIES: DNA-directed RNA polymerase subunit alpha [Streptococcus]
GCF_002970915.1	RNA_pol_L	WP_105452536.1	unique_exact_sequence	1	c57a36b5a476f482d4932427bd0fb386991a701ecee77c86dff7ab27742c7de2	WP_105452536.1 DNA-directed RNA polymerase subunit alpha [Lactiplantibacillus koreensis]
GCF_000468955.1	RNA_pol_L	WP_003130557.1	unique_exact_sequence	1	12ec598fc726c2228cb8394d19fcdb80bc2b587b543f603a2e56bb494cff598f	WP_003130557.1 MULTISPECIES: DNA-directed RNA polymerase subunit alpha [Lactococcus]
GCF_903886475.1	RNA_pol_Rpb6	WP_002951415.1	unique_exact_sequence	1	aaeb6ea5fe718e660e93be4d0039656780170ea0982411fe814811fedfefab70	WP_002951415.1 MULTISPECIES: DNA-directed RNA polymerase subunit omega [Streptococcus]
GCF_000468955.1	RNA_pol_Rpb6	WP_021037838.1	unique_exact_sequence	1	044bffdd93dd5e0242fce450b4014c0867faf47aefd7690cb5849d6744590bd2	WP_021037838.1 DNA-directed RNA polymerase subunit omega [Lactococcus cremoris]
GCF_903886475.1	RRF	WP_011225565.1	unique_exact_sequence	1	1b3a0c2cef7f25bf76e41b253a81ff5e0dbcd335bfa3aa3b02d341171d82f6b8	WP_011225565.1 ribosome recycling factor [Streptococcus thermophilus]
GCF_002970915.1	RRF	WP_105450987.1	unique_exact_sequence	1	9fca4ef78367d140a9b3103ad50e675d4350e2efe91de0a4a7bfea2eb986caea	WP_105450987.1 ribosome recycling factor [Lactiplantibacillus koreensis]
GCF_000468955.1	RRF	WP_011677081.1	unique_exact_sequence	1	ca2e0156da5d4d1b14ba4b496ada99a137e51066bbb743bacc4bf17aff29cf36	WP_011677081.1 MULTISPECIES: ribosome recycling factor [Lactococcus]
GCF_903886475.1	RecO_C	WP_002946256.1	unique_exact_sequence	1	212ffe2179b18994921347674bafe6fffdd04522d9fcca44646ed34fc0669aa4	WP_002946256.1 MULTISPECIES: DNA repair protein RecO [Streptococcus]
GCF_002970915.1	RecO_C	WP_105452816.1	unique_exact_sequence	1	b5b3a26f7ff9ced95807d7d29ea4fc7968860548bd444dc5688f134f072dc8f5	WP_105452816.1 DNA repair protein RecO [Lactiplantibacillus koreensis]
GCF_000468955.1	RecO_C	WP_011834171.1	unique_exact_sequence	1	01737c90d0e6dfe9ed0f0b2d5abfdbd707e44263b7118348b019fe98796406a6	WP_011834171.1 DNA repair protein RecO [Lactococcus cremoris]
GCF_903886475.1	RecX	WP_002949763.1	unique_exact_sequence	1	c5376d99e7f6a5b2cee61edf6aa8242611d76600f7376b4885b1468b04fca2a9	WP_002949763.1 recombination regulator RecX [Streptococcus thermophilus]
GCF_002970915.1	RecX	WP_105452628.1	unique_exact_sequence	1	e0bc7f23dc11dd6f9d9ca90a2dfda830afe51f29cb09d8015bd2a7efda7ea46b	WP_105452628.1 recombination regulator RecX [Lactiplantibacillus koreensis]
GCF_000468955.1	RecX	WP_014573386.1	unique_exact_sequence	1	abd994d93a57cf1cf1de8dfc3f6b1ecae72ec4e7d5feef6776d54ede5d62e501	WP_014573386.1 recombination regulator RecX [Lactococcus cremoris]
GCF_903886475.1	Ribonuclease_P	WP_002953528.1	unique_exact_sequence	1	59c14b2669e20c53bb2dce86e6b3ac6114504b2d59bb186e3e2211e3dfb9ae2f	WP_002953528.1 ribonuclease P protein component [Streptococcus thermophilus]
GCF_002970915.1	Ribonuclease_P	WP_105449465.1	unique_exact_sequence	1	1ba4fec6db6219ab526ca32af16f349d228d5df41ef008afdd035c9f7843b329	WP_105449465.1 MULTISPECIES: ribonuclease P protein component [Lactiplantibacillus]
GCF_000468955.1	Ribonuclease_P	WP_011675185.1	unique_exact_sequence	1	64be83b69ab7bc47969ef9be5e1ae7ed9d63465a4bc9949f25d8239afe63bfa7	WP_011675185.1 ribonuclease P protein component [Lactococcus cremoris]
GCF_903886475.1	Ribosom_S12_S23	WP_002884809.1	unique_exact_sequence	1	72e97f79fda84b4b191f41bd6564c76a3fb7834be026b3cdc18407b55c52ced6	WP_002884809.1 MULTISPECIES: 30S ribosomal protein S12 [Streptococcus]
GCF_002970915.1	Ribosom_S12_S23	WP_105450093.1	unique_exact_sequence	1	4004e11d2a5910368ffea7189c665b5abc7d5460ac3d2230cdb703de57da1a5c	WP_105450093.1 MULTISPECIES: 30S ribosomal protein S12 [Lactiplantibacillus]
GCF_000468955.1	Ribosom_S12_S23	WP_003129874.1	unique_exact_sequence	1	d599be85f423607fc35fb19ce447cbab9023d87a4923c6db95f846edbe63f6a4	WP_003129874.1 MULTISPECIES: 30S ribosomal protein S12 [Bacilli]
GCF_903886475.1	Ribosomal_L13	WP_002886374.1	unique_exact_sequence	1	634d0b56d1fb0171c8c28d19bc3c288ccd0ef1c195b85e07503a589c8c235461	WP_002886374.1 MULTISPECIES: 50S ribosomal protein L13 [Lactobacillales]
GCF_002970915.1	Ribosomal_L13	WP_105448047.1	unique_exact_sequence	1	8cc1a84b914de8e18f2239ea00a5dedaa7174e77bc3367995ae41a6f4dbe134d	WP_105448047.1 MULTISPECIES: 50S ribosomal protein L13 [Lactiplantibacillus]
GCF_000468955.1	Ribosomal_L13	WP_010906417.1	unique_exact_sequence	1	3615977c19f29ac29f4b79ab8cb6d31eba5ca5249469118ce6333c9abad1b0fc	WP_010906417.1 MULTISPECIES: 50S ribosomal protein L13 [Lactococcus]
GCF_903886475.1	Ribosomal_L14	WP_002952155.1	unique_exact_sequence	1	5fa46be90512dfafa89e02dafb341f38c260652a10578375785346027d3f1ccd	WP_002952155.1 MULTISPECIES: 50S ribosomal protein L14 [Streptococcus]
GCF_002970915.1	Ribosomal_L14	WP_105448023.1	unique_exact_sequence	1	985c003532ca4a3ac6d8596c875728eb9eab9c18cb4868e7ace2b99ab9a904fa	WP_105448023.1 MULTISPECIES: 50S ribosomal protein L14 [Lactiplantibacillus]
GCF_000468955.1	Ribosomal_L14	WP_003129953.1	unique_exact_sequence	1	e30c430b7a39d45cda572ab54fee72537b3ade74aaa97d2f6ba18c76560ba7f5	WP_003129953.1 MULTISPECIES: 50S ribosomal protein L14 [Lactococcus]
GCF_903886475.1	Ribosomal_L16	WP_011226664.1	unique_exact_sequence	1	1bdbbd961c43ae90ef216c183fd7222628e9a8e9ce344f70156e279b6767d22b	WP_011226664.1 50S ribosomal protein L16 [Streptococcus thermophilus]
GCF_002970915.1	Ribosomal_L16	WP_105448021.1	unique_exact_sequence	1	41ee51c34cb478e6bdf5b502b5bb8347b8ca26dad03030056e222b23e914d735	WP_105448021.1 MULTISPECIES: 50S ribosomal protein L16 [Lactiplantibacillus]
GCF_000468955.1	Ribosomal_L16	WP_011677158.1	unique_exact_sequence	1	60683705a07773a82e4d57303be071c36cc110faba1ccafbc18987dfc9a0e589	WP_011677158.1 MULTISPECIES: 50S ribosomal protein L16 [Lactococcus]
GCF_903886475.1	Ribosomal_L17	WP_002952134.1	unique_exact_sequence	1	a0c613797ca5ff5fb0bf1ad0a44c39ffb62c537a0e531fa7279bf90f136c18db	WP_002952134.1 MULTISPECIES: 50S ribosomal protein L17 [Streptococcus]
GCF_002970915.1	Ribosomal_L17	WP_105448037.1	unique_exact_sequence	1	65ff42239e731d689e20afab4c0e0efb71f26ad68188955f9b671aaec6198a3f	WP_105448037.1 MULTISPECIES: 50S ribosomal protein L17 [Lactiplantibacillus]
GCF_000468955.1	Ribosomal_L17	WP_003130558.1	unique_exact_sequence	1	a8cd186f4b720ac1e96109d393787a6de314efc0f23584505c7e43ee5549b553	WP_003130558.1 MULTISPECIES: 50S ribosomal protein L17 [Lactococcus]
GCF_903886475.1	Ribosomal_L18p	WP_002946169.1	unique_exact_sequence	1	e71af2dd9b1e5c9a8def307ee0e786f91ca2c6c8e44482e9206813ea2df9c426	WP_002946169.1 MULTISPECIES: 50S ribosomal protein L18 [Streptococcus]
GCF_002970915.1	Ribosomal_L18p	WP_304466361.1	unique_exact_sequence	1	5081056646d8211266daa8623f09a2d7ec146e23f64410814449b2a843564675	WP_304466361.1 MULTISPECIES: 50S ribosomal protein L18 [Lactiplantibacillus]
GCF_000468955.1	Ribosomal_L18p	WP_011677153.1	unique_exact_sequence	1	053bb50fdb7465f4e50aebab1f5da9edc6d48014fb8d6495a9170a9ebabc9fdd	WP_011677153.1 50S ribosomal protein L18 [Lactococcus cremoris]
GCF_903886475.1	Ribosomal_L19	WP_002950935.1	unique_exact_sequence	1	2c7ad5f3e1d69c634f5cb4a3d4457ab656a128acf57756a7a9774329bfb3d8f3	WP_002950935.1 MULTISPECIES: 50S ribosomal protein L19 [Streptococcus]
GCF_002970915.1	Ribosomal_L19	WP_105450629.1	unique_exact_sequence	1	c1107082e4afcb4257bb48b8ac624b7e6d574d429ad4d461c6b3b381961e232c	WP_105450629.1 50S ribosomal protein L19 [Lactiplantibacillus koreensis]
GCF_000468955.1	Ribosomal_L19	WP_011675838.1	unique_exact_sequence	1	1d28295e98af651c48fb08794f06095438803063d2a3e93adb3c45bffbedc599	WP_011675838.1 MULTISPECIES: 50S ribosomal protein L19 [Lactococcus]
GCF_903886475.1	Ribosomal_L1	WP_002946412.1	unique_exact_sequence	1	1f0c1ccf60b70d29b61fbdfb2e4e56138180ea5e274bfdc54427d89fe5a8c72d	WP_002946412.1 MULTISPECIES: 50S ribosomal protein L1 [Streptococcus]
GCF_002970915.1	Ribosomal_L1	WP_105449855.1	unique_exact_sequence	1	e688d09e1b9ee7a15d9e4c2e86a924ec715ac1b6a29412f94dbf54a85c862590	WP_105449855.1 MULTISPECIES: 50S ribosomal protein L1 [Lactiplantibacillus]
GCF_000468955.1	Ribosomal_L1	WP_011677073.1	unique_exact_sequence	1	621b8b1bbdb0de6497d2fb55aa5694352477805bdb41e71ee7a5592f4e27fd61	WP_011677073.1 MULTISPECIES: 50S ribosomal protein L1 [Lactococcus]
GCF_903886475.1	Ribosomal_L20	WP_002885090.1	unique_exact_sequence	1	d20ab2fbf845d80977cb0e66c05a9fdc913ab687494fd8ad0d9fcd85c4fde257	WP_002885090.1 MULTISPECIES: 50S ribosomal protein L20 [Streptococcus]
GCF_002970915.1	Ribosomal_L20	WP_105448262.1	unique_exact_sequence	1	86d8ad62c7a16287f58054a1873dd2a76ffe43986038646483ead08b108a9bc5	WP_105448262.1 MULTISPECIES: 50S ribosomal protein L20 [Lactiplantibacillus]
GCF_000468955.1	Ribosomal_L20	WP_011835750.1	unique_exact_sequence	1	eedd0459aee92b197030ae3207913c214a50fc3fbcd2deb4d10e4c0c2f99b61f	WP_011835750.1 MULTISPECIES: 50S ribosomal protein L20 [Lactococcus]
GCF_903886475.1	Ribosomal_L21p	WP_002885597.1	unique_exact_sequence	1	dccd59da8f9b5ab8068163de5e6feb2e5c6abf5354f8cadd837cefa1037f164a	WP_002885597.1 MULTISPECIES: 50S ribosomal protein L21 [Streptococcus]
GCF_002970915.1	Ribosomal_L21p	WP_105448310.1	unique_exact_sequence	1	709efaba6d63a6b7551a0db89788a5ceb22bfc3c8f83e4f67708bc724bb7bee8	WP_105448310.1 MULTISPECIES: 50S ribosomal protein L21 [Lactiplantibacillus]
GCF_000468955.1	Ribosomal_L21p	WP_003130644.1	unique_exact_sequence	1	b55f91becbaf0c53d0d76a40ac12b80581a286c460c37a3e3cc77d39e1bf53c4	WP_003130644.1 MULTISPECIES: 50S ribosomal protein L21 [Bacteria]
GCF_903886475.1	Ribosomal_L22	WP_002887063.1	unique_exact_sequence	1	5a921c1e7efc0aaefd29d1f4a544b24c1d723fa330a25a0825df0d44524f5feb	WP_002887063.1 MULTISPECIES: 50S ribosomal protein L22 [Bacillota]
GCF_002970915.1	Ribosomal_L22	WP_105448019.1	unique_exact_sequence	1	d7a66855fbc31ec10960396d8e4a0e18e96121a0746e898ae0e73202f5ae7114	WP_105448019.1 MULTISPECIES: 50S ribosomal protein L22 [Lactiplantibacillus]
GCF_000468955.1	Ribosomal_L22	WP_010906302.1	unique_exact_sequence	1	9b1a9a4b90307892a7b03138999b0b0454779ed1b3fca23c3a21c76e10c4ad25	WP_010906302.1 MULTISPECIES: 50S ribosomal protein L22 [Lactococcus]
GCF_903886475.1	Ribosomal_L23	WP_002887066.1	unique_exact_sequence	1	c6e930cde026f3e59cd01c208f3386b856b1da290cbe09a5ba9f6c2adb067f70	WP_002887066.1 MULTISPECIES: 50S ribosomal protein L23 [Streptococcus]
GCF_002970915.1	Ribosomal_L23	WP_105448016.1	unique_exact_sequence	1	8ef17a9e6bbeaef9b9deae3f6b8f8fb65a6644accdec59e5b00f6340f7c5b983	WP_105448016.1 MULTISPECIES: 50S ribosomal protein L23 [Lactiplantibacillus]
GCF_000468955.1	Ribosomal_L23	WP_011836026.1	unique_exact_sequence	1	f8d9648cd3db8ed703de0e93cb7f7751c52962366006d5c9a4ca1ce3fc12f780	WP_011836026.1 MULTISPECIES: 50S ribosomal protein L23 [Lactococcus]
GCF_903886475.1	Ribosomal_L27A	WP_002952138.1	unique_exact_sequence	1	2fbb0d999ef8a2045c4e250daf426087a33695bcf6b27558932724395c58c17f	WP_002952138.1 50S ribosomal protein L15 [Streptococcus thermophilus]
GCF_002970915.1	Ribosomal_L27A	WP_105452532.1	unique_exact_sequence	1	d9b9d237530c33de3e2e28c280f9db51d0692a00c5761178a2bc4259709933c2	WP_105452532.1 50S ribosomal protein L15 [Lactiplantibacillus koreensis]
GCF_000468955.1	Ribosomal_L27A	WP_011677151.1	unique_exact_sequence	1	c4b22032428ab3e52175b1a53c3ca3d0e0ec6a6a7f2662477f2cd06a8910719b	WP_011677151.1 MULTISPECIES: 50S ribosomal protein L15 [Lactococcus]
GCF_903886475.1	Ribosomal_L27	WP_002885483.1	unique_exact_sequence	1	4cea56b23b1b31cca576d341a540345aaef61b693f6d7783383bf2889241e456	WP_002885483.1 MULTISPECIES: 50S ribosomal protein L27 [Streptococcus]
GCF_002970915.1	Ribosomal_L27	WP_105448312.1	unique_exact_sequence	1	5a2bfe0b73ab6fbe4c491c351f4dce4fbcb7eaaf377e139b09e965eafb9376cb	WP_105448312.1 MULTISPECIES: 50S ribosomal protein L27 [Lactiplantibacillus]
GCF_000468955.1	Ribosomal_L27	WP_003130646.1	unique_exact_sequence	1	d40815c6f0cd6922119663c550ed1b4476bff498e2902e9751d036f1b58a7610	WP_003130646.1 MULTISPECIES: 50S ribosomal protein L27 [Lactococcus]
GCF_903886475.1	Ribosomal_L28	WP_002952184.1	unique_exact_sequence	1	b2564ea516bd8491eb2789c1408315209179b8c6c18ccbcbc9c7ca7ea9505fdb	WP_002952184.1 MULTISPECIES: 50S ribosomal protein L28 [Streptococcus]
GCF_002970915.1	Ribosomal_L28	WP_105448341.1	unique_exact_sequence	1	334055f0b7def5b5685014bba767a061ce4520c0465a97cd435e7012517891aa	WP_105448341.1 MULTISPECIES: 50S ribosomal protein L28 [Lactiplantibacillus]
GCF_000468955.1	Ribosomal_L28	WP_003129776.1	unique_exact_sequence	1	da1b01f0b0c823850d345c734d30e9e54bcdc96e57f4687eb4c0687018272661	WP_003129776.1 MULTISPECIES: 50S ribosomal protein L28 [Lactococcus]
GCF_903886475.1	Ribosomal_L29	WP_002952156.1	unique_exact_sequence	1	681bb046d18bfb60047d7732da15d3008946c373e896951845e1272eb2887c32	WP_002952156.1 MULTISPECIES: 50S ribosomal protein L29 [Streptococcus]
GCF_002970915.1	Ribosomal_L29	WP_003638068.1	unique_exact_sequence	1	a7355cfcf66f8f89189b2428a99c2077880a652ab6e927d0e5bcb3afb75fe29d	WP_003638068.1 MULTISPECIES: 50S ribosomal protein L29 [Bacteria]
GCF_000468955.1	Ribosomal_L29	WP_003129957.1	unique_exact_sequence	1	31bf9badf510946103d6487c0baf07fe7c802ae9298270c116a5fc31906c1d82	WP_003129957.1 MULTISPECIES: 50S ribosomal protein L29 [Lactococcus]
GCF_903886475.1	Ribosomal_L34	WP_002953513.1	unique_exact_sequence	1	a438c4838c1048b58caf30e876d08ce16220a0826513291cda67e73aecfb50ea	WP_002953513.1 MULTISPECIES: 50S ribosomal protein L34 [Streptococcus]
GCF_002970915.1	Ribosomal_L34	WP_105449466.1	unique_exact_sequence	1	5ed0f03e009f5a2837ea8c199337cb4b751f7a599849d44358cb8a4625c42e2a	WP_105449466.1 MULTISPECIES: 50S ribosomal protein L34 [Lactiplantibacillus]
GCF_000468955.1	Ribosomal_L34	WP_003131818.1	unique_exact_sequence	1	8996db3a5aec69130667d3adeba4ab8eddd3f0a1dba07faba16fd7600aef7b88	WP_003131818.1 MULTISPECIES: 50S ribosomal protein L34 [Lactococcus]
GCF_903886475.1	Ribosomal_L35p	WP_002950904.1	unique_exact_sequence	1	d7601eefa70afad7dc19521cbb091ce2e1cdd6b32dc8e5ad246efc6ed51f4a86	WP_002950904.1 MULTISPECIES: 50S ribosomal protein L35 [Streptococcus]
GCF_002970915.1	Ribosomal_L35p	WP_024623797.1	unique_exact_sequence	1	98a6a2df533c23143dd8792f1fdef20da502ef5620579a7806d820a5b9941b8a	WP_024623797.1 MULTISPECIES: 50S ribosomal protein L35 [Lactiplantibacillus]
GCF_000468955.1	Ribosomal_L35p	WP_011676854.1	unique_exact_sequence	1	7bf1797e4f4eff2f627356e4b1e4b77e7a88357ee2462f3080bdaf5c95628c14	WP_011676854.1 MULTISPECIES: 50S ribosomal protein L35 [Lactococcus]
GCF_903886475.1	Ribosomal_L36	WP_000868345.1	unique_exact_sequence	1	4047989df8a0e94bcb9163cca9bdf05a6d31432236fcf36e148cfbc46f38b960	WP_000868345.1 MULTISPECIES: 50S ribosomal protein L36 [Bacteria]
GCF_002970915.1	Ribosomal_L36	WP_003638083.1	unique_exact_sequence	1	92b72838104fb175a77065dff41ee0aa52fe6b798ee29d1e4bb6118c878fc3ba	WP_003638083.1 MULTISPECIES: 50S ribosomal protein L36 [Lactiplantibacillus]
GCF_000468955.1	Ribosomal_L36	WP_001808836.1	unique_exact_sequence	1	cf98b13bc08210850e287f0c847c1540703ad6f273f7726b1fa8c86fc2faf52a	WP_001808836.1 MULTISPECIES: 50S ribosomal protein L36 [Bacillati]
GCF_903886475.1	Ribosomal_L3	WP_002952166.1	unique_exact_sequence	1	7ad7a0705f60c120ffd6a3da6a0e33be69452398c3f03cb6290a0fd00e249811	WP_002952166.1 MULTISPECIES: 50S ribosomal protein L3 [Streptococcus]
GCF_002970915.1	Ribosomal_L3	WP_105448014.1	unique_exact_sequence	1	c55ec1d947843ecef1ca0f575a42e7abb4c956bc60db0e6a9d3db9474b35240c	WP_105448014.1 MULTISPECIES: 50S ribosomal protein L3 [Lactiplantibacillus]
GCF_000468955.1	Ribosomal_L3	WP_011836028.1	unique_exact_sequence	1	e0d7fd9a1093929890d48a0d892226395d919e0ad736b3fa31746f10837718e4	WP_011836028.1 MULTISPECIES: 50S ribosomal protein L3 [Lactococcus]
GCF_903886475.1	Ribosomal_L4	WP_002885795.1	unique_exact_sequence	1	3c9bfd365baea5695759ba20dba6da8af9effbc998df8ccf7b3f07800f01a714	WP_002885795.1 MULTISPECIES: 50S ribosomal protein L4 [Streptococcus]
GCF_002970915.1	Ribosomal_L4	WP_105448015.1	unique_exact_sequence	1	35756b4736d5fdaa44edd062b6ecdd869ab16d418da37500d3b5575d05ec67b0	WP_105448015.1 MULTISPECIES: 50S ribosomal protein L4 [Lactiplantibacillus]
GCF_000468955.1	Ribosomal_L4	WP_011677162.1	unique_exact_sequence	1	3aac5d03859044fd930c384202a379289d3a95dc68fb9fe28d352dfe56ca8170	WP_011677162.1 MULTISPECIES: 50S ribosomal protein L4 [Lactococcus]
GCF_903886475.1	Ribosomal_L6	WP_002946167.1	unique_exact_sequence	1	ebc5a66f45894ae29ec046a7bae5838108ba128d8c95610bc74e07f43a526cb2	WP_002946167.1 MULTISPECIES: 50S ribosomal protein L6 [Streptococcus]
GCF_002970915.1	Ribosomal_L6	WP_105452531.1	unique_exact_sequence	1	58eeccad9f9c17ed93b035cf02dbd317129ece77c413f87996a46a68a284b285	WP_105452531.1 50S ribosomal protein L6 [Lactiplantibacillus koreensis]
GCF_000468955.1	Ribosomal_L6	WP_011836023.1	unique_exact_sequence	1	cb0391508906269d233329ddf55a4ab2598653458a819d7cdb7c9bb1cbc1b1f8	WP_011836023.1 50S ribosomal protein L6 [Lactococcus cremoris]
GCF_903886475.1	Ribosomal_L9_C	WP_011226695.1	unique_exact_sequence	1	5931817e3daba45d85fd2e500b25947a437bd01a5c8c723e75ce7049e16cd5d5	WP_011226695.1 50S ribosomal protein L9 [Streptococcus thermophilus]
GCF_002970915.1	Ribosomal_L9_C	WP_105449480.1	unique_exact_sequence	1	b9f5716b30b674bb81a86b62bcd5ba728b639add9beb5190e5b5e38f79633fd8	WP_105449480.1 MULTISPECIES: 50S ribosomal protein L9 [Lactiplantibacillus]
GCF_000468955.1	Ribosomal_L9_C	WP_021036908.1	unique_exact_sequence	1	ef2e049739f8ea5b1fd3f74a5938136c454585063edbe729eb606624e1446077	WP_021036908.1 MULTISPECIES: 50S ribosomal protein L9 [Lactococcus]
GCF_903886475.1	Ribosomal_S10	WP_002885653.1	unique_exact_sequence	1	6e83c7aef616191d56a5f1bd180ba22d73b8d707eeab3b30b9a43a7986676fe9	WP_002885653.1 MULTISPECIES: 30S ribosomal protein S10 [Bacillota]
GCF_002970915.1	Ribosomal_S10	WP_003638059.1	unique_exact_sequence	1	12710d6580a603fab5e1707b161c76cb0b48d1a2cd9d8990b6790484cc6d8458	WP_003638059.1 MULTISPECIES: 30S ribosomal protein S10 [Bacteria]
GCF_000468955.1	Ribosomal_S10	WP_003129973.1	unique_exact_sequence	1	ba385ec3a9ce766ac656623fd1d76baa4222d5cb175bc77b9a992fc95a309c90	WP_003129973.1 MULTISPECIES: 30S ribosomal protein S10 [Streptococcaceae]
GCF_903886475.1	Ribosomal_S11	WP_002887520.1	unique_exact_sequence	1	ca46741dd7731eee1c28fac5edc85f1eb0a6137e61bd2ac91fa78dd16c0c7e53	WP_002887520.1 MULTISPECIES: 30S ribosomal protein S11 [Streptococcus]
GCF_002970915.1	Ribosomal_S11	WP_105452535.1	unique_exact_sequence	1	117dcd9f9c01c4ba620682f8f628addd14e5b6ba0a8265f42f66a5cff068ed82	WP_105452535.1 30S ribosomal protein S11 [Lactiplantibacillus koreensis]
GCF_000468955.1	Ribosomal_S11	WP_010906297.1	unique_exact_sequence	1	e8b1990e5cd3880594adeab85d0c3d63f59cb6f5a7846a400944ef95c3513e46	WP_010906297.1 MULTISPECIES: 30S ribosomal protein S11 [Lactococcus]
GCF_903886475.1	Ribosomal_S13	WP_002885820.1	unique_exact_sequence	1	afc7b49ec902673dd451c5ffa5725e72d90b07768385bb565d22c567acb3fe17	WP_002885820.1 MULTISPECIES: 30S ribosomal protein S13 [Streptococcus]
GCF_002970915.1	Ribosomal_S13	WP_105448034.1	unique_exact_sequence	1	53c087c245138bd2a0a6c859767434641e40e76f22ee13f7c117702fe414e4cf	WP_105448034.1 MULTISPECIES: 30S ribosomal protein S13 [Lactiplantibacillus]
GCF_000468955.1	Ribosomal_S13	WP_003130555.1	unique_exact_sequence	1	658c24d891148d06cf4f4836bc80d783c9d6cc90ee48ac5c2884ae25c71bc606	WP_003130555.1 MULTISPECIES: 30S ribosomal protein S13 [Lactococcus]
GCF_903886475.1	Ribosomal_S15	WP_002949247.1	unique_exact_sequence	1	059bad5bdee7ed75ac9fc4f1d521206b362c31274cdf764471a89b132fbc9df8	WP_002949247.1 MULTISPECIES: 30S ribosomal protein S15 [Streptococcus]
GCF_002970915.1	Ribosomal_S15	WP_105448599.1	unique_exact_sequence	1	1b48533778cd9fdae66fa478a782ba4458354c9eeea4c11c9cebd01752e2e2c4	WP_105448599.1 MULTISPECIES: 30S ribosomal protein S15 [Lactiplantibacillus]
GCF_000468955.1	Ribosomal_S15	WP_010906184.1	unique_exact_sequence	1	486e1b5462e9f1864734def3d499fa4047b92f1b8444650c8a7ac29b376976b4	WP_010906184.1 MULTISPECIES: 30S ribosomal protein S15 [Lactococcus]
GCF_903886475.1	Ribosomal_S16	WP_002884675.1	unique_exact_sequence	1	e7a617c534ebbb694473983c4843cdac84cea681fccdad0db93983239d95b76d	WP_002884675.1 MULTISPECIES: 30S ribosomal protein S16 [Streptococcus]
GCF_002970915.1	Ribosomal_S16	WP_003638633.1	unique_exact_sequence	1	620f2ae5d7cfe5d9b48c744eab51adfd830db630106b0ee2d5beaba00c7cdc2b	WP_003638633.1 MULTISPECIES: 30S ribosomal protein S16 [Lactiplantibacillus]
GCF_000468955.1	Ribosomal_S16	WP_011834878.1	unique_exact_sequence	1	d6360ef613468349b5e3235d4c2cfa92953f812df7790471cde33e4acafbcd22	WP_011834878.1 MULTISPECIES: 30S ribosomal protein S16 [Lactococcus]
GCF_903886475.1	Ribosomal_S17	WP_002944482.1	unique_exact_sequence	1	481f5d5305578c06d2e2aa9012ad4530ac8fe17ffce9acbeadb75d9318bff8de	WP_002944482.1 MULTISPECIES: 30S ribosomal protein S17 [Streptococcus]
GCF_002970915.1	Ribosomal_S17	WP_105448022.1	unique_exact_sequence	1	03501bef22ba0d2460d346b40556545efad524ff6dc6f8f2205e5511bc76904c	WP_105448022.1 MULTISPECIES: 30S ribosomal protein S17 [Lactiplantibacillus]
GCF_000468955.1	Ribosomal_S17	WP_003129955.1	unique_exact_sequence	1	6d003b3fb2b7177f527c70232a0a07bad04d58ce1993bf1b1fcf3347d4d009ec	WP_003129955.1 MULTISPECIES: 30S ribosomal protein S17 [Lactococcus]
GCF_903886475.1	Ribosomal_S19	WP_000533765.1	unique_exact_sequence	1	9368d3b22e2ae41d92fd2b916ed130e95b893e65c4ba84d0dd89c9577adea6ac	WP_000533765.1 MULTISPECIES: 30S ribosomal protein S19 [Bacillota]
GCF_002970915.1	Ribosomal_S19	WP_105448018.1	unique_exact_sequence	1	08804510621b174712c0c270f4a500cebabf25ccdb6f3b2d4065130c7f06c338	WP_105448018.1 MULTISPECIES: 30S ribosomal protein S19 [Lactiplantibacillus]
GCF_000468955.1	Ribosomal_S19	WP_011677159.1	unique_exact_sequence	1	ca415971f66829ca97d886ff288cfb085e522dbaa71261e4e3f618bab283164a	WP_011677159.1 MULTISPECIES: 30S ribosomal protein S19 [Lactococcus]
GCF_903886475.1	Ribosomal_S20p	WP_002947597.1	unique_exact_sequence	1	5794fe296a29b626772228dd96fe88c5b13e8dd0c5f62020f8fdfa2a1401d1c1	WP_002947597.1 MULTISPECIES: 30S ribosomal protein S20 [Streptococcus]
GCF_002970915.1	Ribosomal_S20p	WP_105448600.1	unique_exact_sequence	1	602ecb1523dd1822f85589b464357e243aadab91cd8c7f287a5aa51a1b01fa6d	WP_105448600.1 MULTISPECIES: 30S ribosomal protein S20 [Lactiplantibacillus]
GCF_000468955.1	Ribosomal_S20p	WP_011676734.1	unique_exact_sequence	1	21df8d4365b70f6c60df09717ac7cc5f2edaa290f6d312f575d16fb6420c7d51	WP_011676734.1 MULTISPECIES: 30S ribosomal protein S20 [Lactococcus]
GCF_903886475.1	Ribosomal_S21	WP_011226340.1	unique_exact_sequence	1	01db679de303cd6f50b12dd86ab19a8b3adb3577748cd70bcb0e8dfb8b65328f	WP_011226340.1 30S ribosomal protein S21 [Streptococcus thermophilus]
GCF_002970915.1	Ribosomal_S21	WP_105448502.1	unique_exact_sequence	1	43a98182cf85d73bfc83cdddd9039542184220238f8e93b711d933e3dff0f623	WP_105448502.1 MULTISPECIES: 30S ribosomal protein S21 [Lactiplantibacillus]
GCF_000468955.1	Ribosomal_S21	WP_003129844.1	unique_exact_sequence	1	d96822e11a2b69206c8a5c3d75edf20f80967f44c6bc192dc66cde9e6b66ad37	WP_003129844.1 MULTISPECIES: 30S ribosomal protein S21 [Lactococcus]
GCF_903886475.1	Ribosomal_S2	WP_002944541.1	unique_exact_sequence	1	6bcc2b0c86749da5e4f3f6354331d79c3896ebb6dc9f6fc6674b19e479c19039	WP_002944541.1 MULTISPECIES: 30S ribosomal protein S2 [Streptococcus]
GCF_002970915.1	Ribosomal_S2	WP_105450989.1	unique_exact_sequence	1	82d62c212a9b9c9cb9c02d87087db39d26894bff88fe55ea4d29264f1d2c451a	WP_105450989.1 30S ribosomal protein S2 [Lactiplantibacillus koreensis]
GCF_000468955.1	Ribosomal_S2	WP_011836067.1	unique_exact_sequence	1	35d3d3cebae88fa249852792ae685feca8c0659bd76a20ce4ebffe0938feb58d	WP_011836067.1 MULTISPECIES: 30S ribosomal protein S2 [Lactococcus]
GCF_903886475.1	Ribosomal_S30AE	WP_011225518.1	unique_exact_sequence	1	c04011217a46f80db2ab203824aaa41323a987a4986c614555ea0a5bf8806ea8	WP_011225518.1 ribosome hibernation-promoting factor, HPF/YfiA family [Streptococcus thermophilus]
GCF_002970915.1	Ribosomal_S30AE	WP_105452353.1	unique_exact_sequence	1	54ce5c32e2ee8dd7b9469c1d4eff14feb80c43a55bdf8197762fd62b6ec0678a	WP_105452353.1 ribosome hibernation-promoting factor, HPF/YfiA family [Lactiplantibacillus koreensis]
GCF_000468955.1	Ribosomal_S30AE	WP_011834629.1	unique_exact_sequence	1	5ab34ef4442141a6171b53643d5088acbc9f42a09eeab6dc8cba9a0e66198667	WP_011834629.1 ribosome hibernation-promoting factor, HPF/YfiA family [Lactococcus cremoris]
GCF_903886475.1	Ribosomal_S6	WP_002951906.1	unique_exact_sequence	1	f2114b263318a87b52890b2ac1a2b6fea6c618bf2ef7e782e15abb6321513583	WP_002951906.1 30S ribosomal protein S6 [Streptococcus thermophilus]
GCF_002970915.1	Ribosomal_S6	WP_105449472.1	unique_exact_sequence	1	608099f4ddb7e8d7df525ebe747d134b5b016470c23878c4fdba5fae781577b7	WP_105449472.1 MULTISPECIES: 30S ribosomal protein S6 [Lactiplantibacillus]
GCF_000468955.1	Ribosomal_S6	WP_011677242.1	unique_exact_sequence	1	c2b37c0874f5e99d11139a0a95c8f78c6ab4b1ec17f8136071ee8cb81551b4c4	WP_011677242.1 MULTISPECIES: 30S ribosomal protein S6 [Lactococcus]
GCF_903886475.1	Ribosomal_S7	WP_011226575.1	unique_exact_sequence	1	b8435eb7bffa62294f00560520a3cfb15022134239d79c2efa013981db6dfc6c	WP_011226575.1 MULTISPECIES: 30S ribosomal protein S7 [Streptococcus]
GCF_002970915.1	Ribosomal_S7	WP_105450094.1	unique_exact_sequence	1	c01821d437bf1e5cfec6fa061ee892a50daedbdd6a97dac192401a3fc447b898	WP_105450094.1 MULTISPECIES: 30S ribosomal protein S7 [Lactiplantibacillus]
GCF_000468955.1	Ribosomal_S7	WP_003129876.1	unique_exact_sequence	1	1f3355d5e38521fc1b73f60346a4c1e96132d26ec187c087fff6b1185671a54d	WP_003129876.1 MULTISPECIES: 30S ribosomal protein S7 [Bacilli]
GCF_903886475.1	Ribosomal_S8	WP_002952146.1	unique_exact_sequence	1	bc24233aeac4b076e6fc5cfe560c68755453400a589717330df519497e88a447	WP_002952146.1 MULTISPECIES: 30S ribosomal protein S8 [Streptococcus]
GCF_002970915.1	Ribosomal_S8	WP_105448026.1	unique_exact_sequence	1	d24c5b40acc63813369a095e7955f22ee7d128ccf29232abd06955b48613cead	WP_105448026.1 MULTISPECIES: 30S ribosomal protein S8 [Lactiplantibacillus]
GCF_000468955.1	Ribosomal_S8	WP_011677155.1	unique_exact_sequence	1	573f80f2994380b5e7d09c6a4feeb96498fd413461d9297eca47928c21723c06	WP_011677155.1 MULTISPECIES: 30S ribosomal protein S8 [Lactococcus]
GCF_903886475.1	Ribosomal_S9	WP_002947796.1	unique_exact_sequence	1	932deb9a3b0270bd16b819c7fbbae6499a4e16f235ae354ddf4930d2ac796e6c	WP_002947796.1 MULTISPECIES: 30S ribosomal protein S9 [Streptococcus]
GCF_002970915.1	Ribosomal_S9	WP_105448048.1	unique_exact_sequence	1	b6472acc825126335b3d7f599e56992241514bb5cc6acd5919b21d1eb176c5f1	WP_105448048.1 MULTISPECIES: 30S ribosomal protein S9 [Lactiplantibacillus]
GCF_000468955.1	Ribosomal_S9	WP_004254378.1	unique_exact_sequence	1	b2dd9c813cdd91b9fcb5eaedf0c8697f31bcafe7692e2d7fa7cec41375331947	WP_004254378.1 MULTISPECIES: 30S ribosomal protein S9 [Bacilli]
GCF_903886475.1	RsfS	WP_011226444.1	unique_exact_sequence	1	ced9088cad890d0fecc581f1e1f8efd2a26ae1beaaec11d3af0bf828413e01ed	WP_011226444.1 ribosome silencing factor [Streptococcus thermophilus]
GCF_002970915.1	RsfS	WP_105448270.1	unique_exact_sequence	1	465fc8ac74ef08e4c212c424b6cf847c033ce281f40c3e23f92b6b036862a6c6	WP_105448270.1 MULTISPECIES: ribosome silencing factor [Lactiplantibacillus]
GCF_000468955.1	RsfS	WP_011675265.1	unique_exact_sequence	1	e50dbd07d2bdcf8d1f86e3fd302ce6d41401a870c4078f438c3251255e09dab0	WP_011675265.1 ribosome silencing factor [Lactococcus cremoris]
GCF_903886475.1	RuvX	WP_002952187.1	unique_exact_sequence	1	847d81bbd54f6cb34270b08a2281d66864594567b094efd943bf82217881ac82	WP_002952187.1 Holliday junction resolvase RuvX [Streptococcus thermophilus]
GCF_002970915.1	RuvX	WP_105451228.1	unique_exact_sequence	1	4428eb942bc674c0b6b2e6ddc9c96c1c02da882d6b1c681a26e8d3968e2cb4e0	WP_105451228.1 Holliday junction resolvase RuvX [Lactiplantibacillus koreensis]
GCF_000468955.1	RuvX	WP_021036560.1	unique_exact_sequence	1	a1943ee96fb5abbceda06e22b863995438f80c1ebbbfb5967dd5cc411f605795	WP_021036560.1 MULTISPECIES: Holliday junction resolvase RuvX [Lactococcus]
GCF_903886475.1	SAICAR_synt	WP_011225260.1	unique_exact_sequence	1	d9d10eea5e1dc82d98c32393ea370b4c2bb5de64eeada3b027a3a463add6caa3	WP_011225260.1 phosphoribosylaminoimidazolesuccinocarboxamide synthase [Streptococcus thermophilus]
GCF_002970915.1	SAICAR_synt	WP_370447214.1	unique_exact_sequence	1	e04c4fce625171fd4c8a13293fad45b1db8ae69d34614b0a31be6c9282a67f75	WP_370447214.1 phosphoribosylaminoimidazolesuccinocarboxamide synthase [Lactiplantibacillus koreensis]
GCF_000468955.1	SAICAR_synt	WP_021037514.1	unique_exact_sequence	1	5e29d9bf74478e7da23f12229e4b29d27fab99f3cf486e2c120646b29e1aa452	WP_021037514.1 phosphoribosylaminoimidazolesuccinocarboxamide synthase [Lactococcus cremoris]
GCF_903886475.1	SHMT	WP_011225790.1	unique_exact_sequence	1	e59d0b1b61edcc9bf9899850b7fb995739b89bb8bb623c7055ec312c55149d55	WP_011225790.1 serine hydroxymethyltransferase [Streptococcus thermophilus]
GCF_002970915.1	SHMT	WP_105451300.1	unique_exact_sequence	1	cd77931ee97757a1807378565ef7ea0b93bf29fe96665891ba29fd2700155d03	WP_105451300.1 serine hydroxymethyltransferase [Lactobacillus sp. CBA3605]
GCF_000468955.1	SHMT	WP_021036819.1	unique_exact_sequence	1	ef5218b1e5f9a45766c7cff30c9dabc69940c3426f1afb52f3ed353f17f7f250	WP_021036819.1 serine hydroxymethyltransferase [Lactococcus cremoris]
GCF_903886475.1	SMC_ScpA	WP_011225440.1	unique_exact_sequence	1	70bcc30f0f74a2fa672818a6cadd1349aaf00b9d8b949c82585807c90041f4a1	WP_011225440.1 MULTISPECIES: segregation/condensation protein A [Streptococcus]
GCF_002970915.1	SMC_ScpA	WP_370447205.1	unique_exact_sequence	1	33b60fe7c1256f6f5fafbde7ccd01c8a0228ac37999a51b96c156660b976d039	WP_370447205.1 segregation and condensation protein A [Lactiplantibacillus koreensis]
GCF_000468955.1	SMC_ScpA	WP_021037304.1	unique_exact_sequence	1	f4f1569cd40d6d121ddc242f83839cd15d0bccc3bcb2cbc2487b9194a96e6f7e	WP_021037304.1 segregation/condensation protein A [Lactococcus cremoris]
GCF_903886475.1	SMC_ScpB	WP_011225441.1	unique_exact_sequence	1	6f86725f71813393e81c50a5faea3cc4d2a064ade22136ceca9b98f46ce62bd9	WP_011225441.1 MULTISPECIES: SMC-Scp complex subunit ScpB [Streptococcus]
GCF_002970915.1	SMC_ScpB	WP_105450870.1	unique_exact_sequence	1	6e6d9e86b251b693870470a31cbf0ea5b88a196b189059344369b93ee920ab0d	WP_105450870.1 SMC-Scp complex subunit ScpB [Lactiplantibacillus koreensis]
GCF_000468955.1	SMC_ScpB	WP_011676203.1	unique_exact_sequence	1	bbd93ecd487395b875b7ec6eb38746b9d2e64fce816c51df63339f7033a7c5d5	WP_011676203.1 MULTISPECIES: SMC-Scp complex subunit ScpB [Lactococcus]
GCF_903886475.1	SPOUT_MTase	WP_011226712.1	unique_exact_sequence	1	9bd1ab3f6afbbc73de531447040f5f6c29db79f102ebf42581d851533873d0f6	WP_011226712.1 23S rRNA (pseudouridine(1915)-N(3))-methyltransferase RlmH [Streptococcus thermophilus]
GCF_002970915.1	SPOUT_MTase	WP_105451994.1	unique_exact_sequence	1	9d900222b33665f01ebe685c4dd237c1d0572d4ecb86bb8aea0fcf0a6e9fd76a	WP_105451994.1 23S rRNA (pseudouridine(1915)-N(3))-methyltransferase RlmH [Lactiplantibacillus koreensis]
GCF_903886475.1	SecE	WP_011225408.1	unique_exact_sequence	1	ba8dafec13faca376ed1d7e26d64d9d34dfd14a3692eb300bfde3faa283478ec	WP_011225408.1 preprotein translocase subunit SecE [Streptococcus thermophilus]
GCF_002970915.1	SecE	WP_105452317.1	unique_exact_sequence	1	b880df0d69f96a5f2a2786519efc1bf37f82b83d58abc2d95df4e6f50469e8a3	WP_105452317.1 preprotein translocase subunit SecE [Lactiplantibacillus koreensis]
GCF_000468955.1	SecE	WP_021037943.1	unique_exact_sequence	1	e1baa793fbc6b8747864ee1ebcc0e93b607fdad2bec2d5c15e80fd6794c84b86	WP_021037943.1 preprotein translocase subunit SecE [Lactococcus cremoris]
GCF_903886475.1	SecG	WP_002950236.1	unique_exact_sequence	1	faeacb205fdbea3d16afa0e71460569f84226f654ee44cee3a5b25efe2d2702e	WP_002950236.1 MULTISPECIES: preprotein translocase subunit SecG [Streptococcus]
GCF_002970915.1	SecG	WP_105452392.1	unique_exact_sequence	1	78ac85a0b8f279d8140dab131624fcf448f2b81bdfa0d36a3c4d980ebed87157	WP_105452392.1 preprotein translocase subunit SecG [Lactiplantibacillus koreensis]
GCF_000468955.1	SecG	WP_011675893.1	unique_exact_sequence	1	d72116f9e2e04e4e9beefdc787e45d9293b1f31593cddb7764ba8b8c0be3fdfd	WP_011675893.1 MULTISPECIES: preprotein translocase subunit SecG [Lactococcus]
GCF_903886475.1	SmpB	WP_002950240.1	unique_exact_sequence	1	781b63dae382ab52c8631f6b7ee5331ed17e117df5381d01744dccc3fbf030c2	WP_002950240.1 MULTISPECIES: SsrA-binding protein SmpB [Streptococcus]
GCF_002970915.1	SmpB	WP_105452395.1	unique_exact_sequence	1	cc23ec404119e17eb95409d553a13a2423b01a26a4e67ff81186364fa0107121	WP_105452395.1 SsrA-binding protein SmpB [Lactiplantibacillus koreensis]
GCF_000468955.1	SmpB	WP_011676717.1	unique_exact_sequence	1	77521ac395ab78ef11a558b08fc611f7dce62d9b58b48becefedab115d408f18	WP_011676717.1 MULTISPECIES: SsrA-binding protein SmpB [Lactococcus]
GCF_903886475.1	TGT	WP_011226586.1	unique_exact_sequence	1	e3b4aae9713100d8abfb80df1a374b49ff7a98a468d892df3e8b2d292ace2840	WP_011226586.1 tRNA guanosine(34) transglycosylase Tgt [Streptococcus thermophilus]
GCF_002970915.1	TGT	WP_105451236.1	unique_exact_sequence	1	5b25cf783ebae27c335ba60c40b215614e5067c8d9154b9d87b44f558188920b	WP_105451236.1 tRNA guanosine(34) transglycosylase Tgt [Lactiplantibacillus koreensis]
GCF_000468955.1	TGT	WP_011675211.1	unique_exact_sequence	1	fa168e56bdf7bdd384cdb84a18893a992c72203c9d74f35f9dbdc71dc341c1f4	WP_011675211.1 tRNA guanosine(34) transglycosylase Tgt [Lactococcus cremoris]
GCF_903886475.1	TrmK	WP_002951069.1	unique_exact_sequence	1	da0f10659077196400f3e1c530b29fb8ab7d3fce1de07d527200dbfbff205a16	WP_002951069.1 tRNA (adenine(22)-N(1))-methyltransferase [Streptococcus thermophilus]
GCF_002970915.1	TrmK	WP_105450889.1	unique_exact_sequence	1	829df2827bd9e38928ce32c9d34bcd48785e42045b7719acda6a00780b31cd8e	WP_105450889.1 tRNA (adenine(22)-N(1))-methyltransferase [Lactiplantibacillus koreensis]
GCF_000468955.1	TrmK	WP_021037138.1	unique_exact_sequence	1	a555842a28f439f68a51657600ae34fad16863f8d05d232ac1a4c331b2583ee2	WP_021037138.1 tRNA (adenine(22)-N(1))-methyltransferase [Lactococcus cremoris]
GCF_903886475.1	TsaE	WP_002949675.1	unique_exact_sequence	1	119311055e9ded1a9295908201f047ab4a409d0d52b6d0c164d5e0929b0c76a7	WP_002949675.1 MULTISPECIES: tRNA (adenosine(37)-N6)-threonylcarbamoyltransferase complex ATPase subunit type 1 TsaE [Streptococcus]
GCF_002970915.1	TsaE	WP_105452404.1	unique_exact_sequence	1	582ba9fae77128c179b5534c11e190a741efae20cfd8a94429c48d24583b5b14	WP_105452404.1 tRNA (adenosine(37)-N6)-threonylcarbamoyltransferase complex ATPase subunit type 1 TsaE [Lactiplantibacillus koreensis]
GCF_000468955.1	TsaE	WP_021036753.1	unique_exact_sequence	1	88e461f5aaca9cba0261792dfc04af972aeb824fec2bbd32f7fbcdf33f0dfd4c	WP_021036753.1 tRNA (adenosine(37)-N6)-threonylcarbamoyltransferase complex ATPase subunit type 1 TsaE [Lactococcus cremoris]
GCF_903886475.1	Tyr_Deacylase	WP_004197391.1	unique_exact_sequence	1	6c2dbb50b39876ad7268c23236aab9b430174bd1c36645f1b5dd4f54d124219f	WP_004197391.1 MULTISPECIES: D-aminoacyl-tRNA deacylase [Streptococcus]
GCF_002970915.1	Tyr_Deacylase	WP_105450931.1	unique_exact_sequence	1	8d5dd0b5dcf55ea4e2bd1598771993645922e8dfad7604e6b621ef3dc309a9a6	WP_105450931.1 D-aminoacyl-tRNA deacylase [Lactiplantibacillus koreensis]
GCF_000468955.1	Tyr_Deacylase	WP_011834213.1	unique_exact_sequence	1	16774c87dd2e16830338c7c2e5a0e571368e2a6560c050f3dade8dd255b1246b	WP_011834213.1 D-aminoacyl-tRNA deacylase [Lactococcus cremoris]
GCF_903886475.1	UPF0052	WP_011227120.1	unique_exact_sequence	1	5abb4ac6e1162fb8334d852e8f1be60fcda9c6428510e8349e6158e08971479a	WP_011227120.1 YvcK family protein [Streptococcus thermophilus]
GCF_002970915.1	UPF0052	WP_105449936.1	unique_exact_sequence	1	6ef8617cb988216da9f8015bce45e2525492fed6312d4e4ebab55b6ea1c646fb	WP_105449936.1 MULTISPECIES: gluconeogenesis factor YvcK family protein [Lactiplantibacillus]
GCF_000468955.1	UPF0052	WP_021037104.1	unique_exact_sequence	1	e04bd47e0afdb5f28f149d41a630a6b4f7920c34b16986580fbe6705bda10988	WP_021037104.1 MULTISPECIES: gluconeogenesis factor YvcK family protein [Lactococcus]
GCF_903886475.1	UPF0054	WP_002950224.1	unique_exact_sequence	1	97e91abc2eb6dc501b07c198ed4634ccdb6a01d0022d3e9a64d17154a8bf1f21	WP_002950224.1 MULTISPECIES: rRNA maturation RNase YbeY [Streptococcus]
GCF_002970915.1	UPF0054	WP_105450899.1	unique_exact_sequence	1	cd677d10fc951852a50657735dad110a3cc7c748311ec8f078d181674f3040c6	WP_105450899.1 rRNA maturation RNase YbeY [Lactiplantibacillus koreensis]
GCF_000468955.1	UPF0054	WP_011835335.1	unique_exact_sequence	1	795c32339896439ede6e8104386cf422c0317a93d63b797df89ac61e4cab23fb	WP_011835335.1 MULTISPECIES: rRNA maturation RNase YbeY [Lactococcus]
GCF_903886475.1	VEG	WP_002952260.1	unique_exact_sequence	1	08762bb8e47477752ada4dc3076328420e1d20aafb4c9505bfd65db219846cba	WP_002952260.1 MULTISPECIES: Veg family protein [Streptococcus]
GCF_002970915.1	VEG	WP_105449757.1	unique_exact_sequence	1	0f3f67361fc1d713925915e84aee0dbb16abc83bcb873088b34695dfdd54537b	WP_105449757.1 MULTISPECIES: Veg family protein [Lactiplantibacillus]
GCF_000468955.1	VEG	WP_010905542.1	unique_exact_sequence	1	e542806fc8f07f9a97cf6ba70d943be14c58c74d375a8a82bc260ac3ede8e567	WP_010905542.1 MULTISPECIES: Veg family protein [Lactococcus]
GCF_903886475.1	YGGT	WP_011225781.1	unique_exact_sequence	1	7cbe41900a97e3bdeae03cdba8c335ffec5f2bf102e374efb3b10795a7c23ee5	WP_011225781.1 YggT family protein [Streptococcus thermophilus]
GCF_002970915.1	YGGT	WP_199774942.1	unique_exact_sequence	1	b130ee7c6292e4f74de122a2e41b7538cc2b04f49b61f8a02e37f71880d7b9e6	WP_199774942.1 MULTISPECIES: YggT family protein [Lactiplantibacillus]
GCF_000468955.1	YGGT	WP_021037817.1	unique_exact_sequence	1	0728489b0960f8f93ee0852990fe5ffb93f5a4e059f4c3d0b6c289818ef97d66	WP_021037817.1 YggT family protein [Lactococcus cremoris]
GCF_903886475.1	YajC	WP_011225395.1	unique_exact_sequence	1	031732f780730d6407d0a7a547dd6aec49b9e51f333645b6346ed19156ec714e	WP_011225395.1 MULTISPECIES: preprotein translocase subunit YajC [Streptococcus]
GCF_000468955.1	YajC	WP_011836055.1	unique_exact_sequence	1	e7e9d67c67f07c3e0cc351a91e73faa92d08a51c16282760d6e63e19061436d8	WP_011836055.1 MULTISPECIES: preprotein translocase subunit YajC [Lactococcus]
GCF_903886475.1	YbaB_DNA_bd	WP_002884818.1	unique_exact_sequence	1	8d8dbeb541adb2ec7fcbabc966fd3fcc1921ac97af0a7822286767af0b3e549b	WP_002884818.1 MULTISPECIES: YbaB/EbfC family nucleoid-associated protein [Streptococcus]
GCF_002970915.1	YbaB_DNA_bd	WP_105452327.1	unique_exact_sequence	1	443fa0d55f9d579083fb14b4c2108175a3eafd1dd07bee1991dd30205a364bea	WP_105452327.1 YbaB/EbfC family nucleoid-associated protein [Lactiplantibacillus koreensis]
GCF_000468955.1	YbaB_DNA_bd	WP_011675168.1	unique_exact_sequence	1	3e80316bd139f0fc226e5f18f9f991e306131ebc327fc180fd48f2c876d93018	WP_011675168.1 MULTISPECIES: YbaB/EbfC family nucleoid-associated protein [Lactococcus]
GCF_903886475.1	YbbR	WP_011226156.1	unique_exact_sequence	1	817c5470257801c178944b174c4c4f319155ed20d6b9cc9dc75673facdb53c88	WP_011226156.1 CdaR family protein [Streptococcus thermophilus]
GCF_002970915.1	YbbR	WP_105452414.1	unique_exact_sequence	1	690abb183d92b80b6f386aba907eef7442a708c463a32ef97e4e2d5c4367fe4f	WP_105452414.1 CdaR family protein [Lactiplantibacillus koreensis]
GCF_000468955.1	YbbR	WP_014572070.1	unique_exact_sequence	1	93a9cf907b88e0d2df0f37b41c06cf2ddd8d03d12c39a8dab98493e881ba49d4	WP_014572070.1 CdaR family protein [Lactococcus cremoris]
GCF_903886475.1	YceD	WP_041826965.1	unique_exact_sequence	1	1f2c0ab267e39ac545deddf82c10205676b6c9a942a19c65a6a2186decd45b25	WP_041826965.1 DUF177 domain-containing protein [Streptococcus thermophilus]
GCF_002970915.1	YceD	WP_105452751.1	unique_exact_sequence	1	7faf029d157ea9672968c54982d275a26ec9da2e681e6b7cf545e92772bf2ff7	WP_105452751.1 YceD family protein [Lactiplantibacillus koreensis]
GCF_000468955.1	YceD	WP_021037559.1	unique_exact_sequence	1	6255bedca5cfc33901f2f34635b83000bd16f586db385b5aa3016e70991e857f	WP_021037559.1 YceD family protein [Lactococcus cremoris]
GCF_903886475.1	YidD	WP_011225443.1	unique_exact_sequence	1	1eeeafaec49d56c7c75d25817b2a51b555e41b1397ea7718e9a7148549b960dd	WP_011225443.1 membrane protein insertion efficiency factor YidD [Streptococcus thermophilus]
GCF_002970915.1	YidD	WP_105451290.1	unique_exact_sequence	1	d214528321ae2232361fcdb4b304c714ad1cc813772860bd1718b7e9ad7efe61	WP_105451290.1 membrane protein insertion efficiency factor YidD [Lactiplantibacillus koreensis]
GCF_000468955.1	YidD	WP_021037613.1	unique_exact_sequence	1	a59c0045f6a2ed7425f172fe95ff449b2e1a492a25209a5299e8dfe2447a2d91	WP_021037613.1 MULTISPECIES: membrane protein insertion efficiency factor YidD [Lactococcus]
GCF_903886475.1	eIF-1a	WP_001040189.1	unique_exact_sequence	1	cdab8295016ef42fdf4ff1c44d4bf1946eed5eb436458ab0b94509861d665077	WP_001040189.1 MULTISPECIES: translation initiation factor IF-1 [Bacillota]
GCF_002970915.1	eIF-1a	WP_003638082.1	unique_exact_sequence	1	1a7ec7fdcfa7d9274d59f5a21eb3255796799e501abc335ca4cd6a516e96733a	WP_003638082.1 MULTISPECIES: translation initiation factor IF-1 [Lactiplantibacillus]
GCF_000468955.1	eIF-1a	WP_003130554.1	unique_exact_sequence	1	3550b3201f96f1bbc9ef2da658008ca9067370842b023fad01c31997352c5176	WP_003130554.1 MULTISPECIES: translation initiation factor IF-1 [Lactococcus]
GCF_903886475.1	ribosomal_L24	WP_002946158.1	unique_exact_sequence	1	489c9ac9297610fd761ac53fd4d45880b86fda61ce6820d6b6b00d446dadf8f5	WP_002946158.1 MULTISPECIES: 50S ribosomal protein L24 [Streptococcus]
GCF_002970915.1	ribosomal_L24	WP_105448024.1	unique_exact_sequence	1	f16ea2304ad13cc2476168d9d2ae5a3648d47196720dbddeb875d18d1a6f28fa	WP_105448024.1 MULTISPECIES: 50S ribosomal protein L24 [Lactiplantibacillus]
GCF_000468955.1	ribosomal_L24	WP_003129951.1	unique_exact_sequence	1	e68ac6f1d69f85ea903c6e97a23b56954136643a8d2d5e93474671f0c28253b4	WP_003129951.1 MULTISPECIES: 50S ribosomal protein L24 [Lactococcus]
GCF_903886475.1	tRNA_m1G_MT	WP_011227401.1	unique_exact_sequence	1	5845edbe6d0788bee6b6a9702640241eef7e6c3425a8aa76a176ffc044f65588	WP_011227401.1 tRNA (guanosine(37)-N1)-methyltransferase TrmD [Streptococcus thermophilus]
GCF_002970915.1	tRNA_m1G_MT	WP_105450626.1	unique_exact_sequence	1	f78dcbecad43233db4499f7e0db752179f9a2249a49d231542f218eb3097d946	WP_105450626.1 tRNA (guanosine(37)-N1)-methyltransferase TrmD [Lactiplantibacillus koreensis]
GCF_000468955.1	tRNA_m1G_MT	WP_041168729.1	unique_exact_sequence	1	e286aa9e41e9ec5b43424cf1758066f092d96f2d49b14144eeb7e87c2e4fe9e6	WP_041168729.1 tRNA (guanosine(37)-N1)-methyltransferase TrmD [Lactococcus cremoris]
